Workbook

Sheet Microcode
A1: Line | B1: Microcode Word | C1: Activation Line | D1: Signals | E1: Cont | F1: Souce1 | G1: Dest1 | H1: Source2 | I1: D2 | J1: F | K1: W | L1: E | M1: Type | N1: ALUop | O1: Tmp | P1: R | Q1: Jcond | R1: JmpT | S1: IC | T1: EC | U1: SR | W1: Arch | X1: Operation | AD1: Opcodes
A2: =DEC2HEX(ROW(A1)-ROW($A$1),3) -> 000 | B2: 01100100101000110001101001111 | C2: 00?.00???0??.00 | D2: 00? | E2: 00 | F2: {=INDEX(Sources!A:A, 1 + BIN2DEC(LEFT($B2,5)))} -> OPR | G2: {=INDEX(Dest1!A:A,1+BIN2DEC(MID($B2,6,5)))} -> TMPA | H2: {=INDEX(Source2!A:A,1+BIN2DEC(MID($B2,11,4)))} -> 8 | I2: {=INDEX('D2'!A:A,1+BIN2DEC(MID($B2,16,2)))} -> TMPB | J2: =BIN2DEC(MID($B2,17,1)) -> 0 | K2: =BIN2DEC(MID($B2,18,1)) -> 0 | L2: =BIN2DEC(MID($B2,19,1)) -> 0 | M2: {=INDEX(Types!A:A,1+BIN2DEC(MID($B2,20,2)))} -> ALU | N2: {=IF(M2="ALU",INDEX(ALUOps!A:A,1+BIN2DEC(MID($B2,22,5))),"")} -> 9 | O2: {=IF(M2="ALU",INDEX(TMP!A:A,1+BIN2DEC(MID($B2,27,2))),"")} -> 3 | P2: =IF(M2="ALU",BIN2DEC(MID($B2,29,1)),"") -> 1 | Q2: =IF(M2="Jump",BIN2DEC(MID($B2,22,4)),"") | R2: =IF(M2="Jump",15-BIN2DEC(MID($B2,26,4)),"") | S2: {=IF(M2="Control",INDEX(IC!A:A,1+BIN2DEC(MID($B2,21,4))),"")} | T2: {=IF(M2="Control",INDEX(EC!A:A,1+BIN2DEC(MID($B2,25,3))),"")} | U2: {=IF(M2="Control",INDEX(SR!A:A,1+BIN2DEC(MID($B2,28,2))),"")} | X2: alu rm<->r | AD2: 00,01,02,03,08,09,0a,0b,10,11,12,13,18,19,1a,1b,20,21,22,23,28,29,2a,2b,30,31,32,33,38,39,3a,3b
A3: =DEC2HEX(ROW(A2)-ROW($A$1),3) -> 001 | B3: 01011011000000000110000000100 | F3: {=INDEX(Sources!A:A, 1 + BIN2DEC(LEFT($B3,5)))} -> SIGMA | G3: {=INDEX(Dest1!A:A,1+BIN2DEC(MID($B3,6,5)))} -> OPR | H3: {=INDEX(Source2!A:A,1+BIN2DEC(MID($B3,11,4)))} -> -- | I3: {=INDEX('D2'!A:A,1+BIN2DEC(MID($B3,16,2)))} -> 0 | J3: =BIN2DEC(MID($B3,17,1)) -> 0 | K3: =BIN2DEC(MID($B3,18,1)) -> 1 | L3: =BIN2DEC(MID($B3,19,1)) -> 1 | M3: {=INDEX(Types!A:A,1+BIN2DEC(MID($B3,20,2)))} -> Control | N3: {=IF(M3="ALU",INDEX(ALUOps!A:A,1+BIN2DEC(MID($B3,22,5))),"")} | O3: {=IF(M3="ALU",INDEX(TMP!A:A,1+BIN2DEC(MID($B3,27,2))),"")} | P3: =IF(M3="ALU",BIN2DEC(MID($B3,29,1)),"") | Q3: =IF(M3="Jump",BIN2DEC(MID($B3,22,4)),"") | R3: =IF(M3="Jump",15-BIN2DEC(MID($B3,26,4)),"") | S3: {=IF(M3="Control",INDEX(IC!A:A,1+BIN2DEC(MID($B3,21,4))),"")} -> 0 | T3: {=IF(M3="Control",INDEX(EC!A:A,1+BIN2DEC(MID($B3,25,3))),"")} -> 1 | U3: {=IF(M3="Control",INDEX(SR!A:A,1+BIN2DEC(MID($B3,28,2))),"")} -> 0
A4: =DEC2HEX(ROW(A3)-ROW($A$1),3) -> 002 | B4: 00000000000000000000000000000 | G4: {=INDEX(Dest1!A:A,1+BIN2DEC(MID($B4,6,5)))} -> -- | H4: {=INDEX(Source2!A:A,1+BIN2DEC(MID($B4,11,4)))} -> -- | N4: {=IF(M4="ALU",INDEX(ALUOps!A:A,1+BIN2DEC(MID($B4,22,5))),"")} | O4: {=IF(M4="ALU",INDEX(TMP!A:A,1+BIN2DEC(MID($B4,27,2))),"")} | P4: =IF(M4="ALU",BIN2DEC(MID($B4,29,1)),"") | Q4: =IF(M4="Jump",BIN2DEC(MID($B4,22,4)),"") | R4: =IF(M4="Jump",15-BIN2DEC(MID($B4,26,4)),"") | S4: {=IF(M4="Control",INDEX(IC!A:A,1+BIN2DEC(MID($B4,21,4))),"")} | T4: {=IF(M4="Control",INDEX(EC!A:A,1+BIN2DEC(MID($B4,25,3))),"")} | U4: {=IF(M4="Control",INDEX(SR!A:A,1+BIN2DEC(MID($B4,28,2))),"")}
A5: =DEC2HEX(ROW(A4)-ROW($A$1),3) -> 003 | B5: 00000000000000000000000000000 | G5: {=INDEX(Dest1!A:A,1+BIN2DEC(MID($B5,6,5)))} -> -- | H5: {=INDEX(Source2!A:A,1+BIN2DEC(MID($B5,11,4)))} -> -- | N5: {=IF(M5="ALU",INDEX(ALUOps!A:A,1+BIN2DEC(MID($B5,22,5))),"")} | O5: {=IF(M5="ALU",INDEX(TMP!A:A,1+BIN2DEC(MID($B5,27,2))),"")} | P5: =IF(M5="ALU",BIN2DEC(MID($B5,29,1)),"") | Q5: =IF(M5="Jump",BIN2DEC(MID($B5,22,4)),"") | R5: =IF(M5="Jump",15-BIN2DEC(MID($B5,26,4)),"") | S5: {=IF(M5="Control",INDEX(IC!A:A,1+BIN2DEC(MID($B5,21,4))),"")} | T5: {=IF(M5="Control",INDEX(EC!A:A,1+BIN2DEC(MID($B5,25,3))),"")} | U5: {=IF(M5="Control",INDEX(SR!A:A,1+BIN2DEC(MID($B5,28,2))),"")}
A6: =DEC2HEX(ROW(A5)-ROW($A$1),3) -> 004 | B6: 01100100101010110001010001101 | C6: 00?.00???10?.00 | D6: 00? | E6: 00 | F6: {=INDEX(Sources!A:A, 1 + BIN2DEC(LEFT($B6,5)))} -> OPR | G6: {=INDEX(Dest1!A:A,1+BIN2DEC(MID($B6,6,5)))} -> TMPA | H6: {=INDEX(Source2!A:A,1+BIN2DEC(MID($B6,11,4)))} -> Q | I6: {=INDEX('D2'!A:A,1+BIN2DEC(MID($B6,16,2)))} -> TMPB | J6: =BIN2DEC(MID($B6,17,1)) -> 0 | K6: =BIN2DEC(MID($B6,18,1)) -> 0 | L6: =BIN2DEC(MID($B6,19,1)) -> 0 | M6: {=INDEX(Types!A:A,1+BIN2DEC(MID($B6,20,2)))} -> Jump | N6: {=IF(M6="ALU",INDEX(ALUOps!A:A,1+BIN2DEC(MID($B6,22,5))),"")} | O6: {=IF(M6="ALU",INDEX(TMP!A:A,1+BIN2DEC(MID($B6,27,2))),"")} | P6: =IF(M6="ALU",BIN2DEC(MID($B6,29,1)),"") | Q6: =IF(M6="Jump",BIN2DEC(MID($B6,22,4)),"") -> 8 | R6: =IF(M6="Jump",15-BIN2DEC(MID($B6,26,4)),"") -> 2 | S6: {=IF(M6="Control",INDEX(IC!A:A,1+BIN2DEC(MID($B6,21,4))),"")} | T6: {=IF(M6="Control",INDEX(EC!A:A,1+BIN2DEC(MID($B6,25,3))),"")} | U6: {=IF(M6="Control",INDEX(SR!A:A,1+BIN2DEC(MID($B6,28,2))),"")} | X6: alu A,i | AD6: 04,05,0c,0d,14,15,1c,1d,24,25,2c,2d,34,35,3c,3d
A7: =DEC2HEX(ROW(A6)-ROW($A$1),3) -> 005 | B7: 11000010010000000000000000000 | F7: {=INDEX(Sources!A:A, 1 + BIN2DEC(LEFT($B7,5)))} -> Q | G7: {=INDEX(Dest1!A:A,1+BIN2DEC(MID($B7,6,5)))} -> UNK9 | H7: {=INDEX(Source2!A:A,1+BIN2DEC(MID($B7,11,4)))} -> -- | I7: {=INDEX('D2'!A:A,1+BIN2DEC(MID($B7,16,2)))} -> 0 | J7: =BIN2DEC(MID($B7,17,1)) -> 0 | K7: =BIN2DEC(MID($B7,18,1)) -> 0 | L7: =BIN2DEC(MID($B7,19,1)) -> 0 | M7: {=INDEX(Types!A:A,1+BIN2DEC(MID($B7,20,2)))} -> Control | N7: {=IF(M7="ALU",INDEX(ALUOps!A:A,1+BIN2DEC(MID($B7,22,5))),"")} | O7: {=IF(M7="ALU",INDEX(TMP!A:A,1+BIN2DEC(MID($B7,27,2))),"")} | P7: =IF(M7="ALU",BIN2DEC(MID($B7,29,1)),"") | Q7: =IF(M7="Jump",BIN2DEC(MID($B7,22,4)),"") | R7: =IF(M7="Jump",15-BIN2DEC(MID($B7,26,4)),"") | S7: {=IF(M7="Control",INDEX(IC!A:A,1+BIN2DEC(MID($B7,21,4))),"")} -> 0 | T7: {=IF(M7="Control",INDEX(EC!A:A,1+BIN2DEC(MID($B7,25,3))),"")} -> 0 | U7: {=IF(M7="Control",INDEX(SR!A:A,1+BIN2DEC(MID($B7,28,2))),"")} -> 0
A8: =DEC2HEX(ROW(A7)-ROW($A$1),3) -> 006 | B8: 00000000000000000011101001111 | F8: {=INDEX(Sources!A:A, 1 + BIN2DEC(LEFT($B8,5)))} -> -- | G8: {=INDEX(Dest1!A:A,1+BIN2DEC(MID($B8,6,5)))} -> -- | H8: {=INDEX(Source2!A:A,1+BIN2DEC(MID($B8,11,4)))} -> -- | I8: {=INDEX('D2'!A:A,1+BIN2DEC(MID($B8,16,2)))} -> 0 | J8: =BIN2DEC(MID($B8,17,1)) -> 0 | K8: =BIN2DEC(MID($B8,18,1)) -> 0 | L8: =BIN2DEC(MID($B8,19,1)) -> 1 | M8: {=INDEX(Types!A:A,1+BIN2DEC(MID($B8,20,2)))} -> ALU | N8: {=IF(M8="ALU",INDEX(ALUOps!A:A,1+BIN2DEC(MID($B8,22,5))),"")} -> 9 | O8: {=IF(M8="ALU",INDEX(TMP!A:A,1+BIN2DEC(MID($B8,27,2))),"")} -> 3 | P8: =IF(M8="ALU",BIN2DEC(MID($B8,29,1)),"") -> 1 | Q8: =IF(M8="Jump",BIN2DEC(MID($B8,22,4)),"") | R8: =IF(M8="Jump",15-BIN2DEC(MID($B8,26,4)),"") | S8: {=IF(M8="Control",INDEX(IC!A:A,1+BIN2DEC(MID($B8,21,4))),"")} | T8: {=IF(M8="Control",INDEX(EC!A:A,1+BIN2DEC(MID($B8,25,3))),"")} | U8: {=IF(M8="Control",INDEX(SR!A:A,1+BIN2DEC(MID($B8,28,2))),"")}
A9: =DEC2HEX(ROW(A8)-ROW($A$1),3) -> 007 | B9: 01011011000000000100000000000 | F9: {=INDEX(Sources!A:A, 1 + BIN2DEC(LEFT($B9,5)))} -> SIGMA | G9: {=INDEX(Dest1!A:A,1+BIN2DEC(MID($B9,6,5)))} -> OPR | H9: {=INDEX(Source2!A:A,1+BIN2DEC(MID($B9,11,4)))} -> -- | I9: {=INDEX('D2'!A:A,1+BIN2DEC(MID($B9,16,2)))} -> 0 | J9: =BIN2DEC(MID($B9,17,1)) -> 0 | K9: =BIN2DEC(MID($B9,18,1)) -> 1 | L9: =BIN2DEC(MID($B9,19,1)) -> 0 | M9: {=INDEX(Types!A:A,1+BIN2DEC(MID($B9,20,2)))} -> Control | N9: {=IF(M9="ALU",INDEX(ALUOps!A:A,1+BIN2DEC(MID($B9,22,5))),"")} | O9: {=IF(M9="ALU",INDEX(TMP!A:A,1+BIN2DEC(MID($B9,27,2))),"")} | P9: =IF(M9="ALU",BIN2DEC(MID($B9,29,1)),"") | Q9: =IF(M9="Jump",BIN2DEC(MID($B9,22,4)),"") | R9: =IF(M9="Jump",15-BIN2DEC(MID($B9,26,4)),"") | S9: {=IF(M9="Control",INDEX(IC!A:A,1+BIN2DEC(MID($B9,21,4))),"")} -> 0 | T9: {=IF(M9="Control",INDEX(EC!A:A,1+BIN2DEC(MID($B9,25,3))),"")} -> 0 | U9: {=IF(M9="Control",INDEX(SR!A:A,1+BIN2DEC(MID($B9,28,2))),"")} -> 0
A10: =DEC2HEX(ROW(A9)-ROW($A$1),3) -> 008 | B10: 00011110100000000000000011001 | C10: 00?.000??111.00 | D10: 00? | E10: 00 | F10: {=INDEX(Sources!A:A, 1 + BIN2DEC(LEFT($B10,5)))} -> SP | G10: {=INDEX(Dest1!A:A,1+BIN2DEC(MID($B10,6,5)))} -> UNK26 | H10: {=INDEX(Source2!A:A,1+BIN2DEC(MID($B10,11,4)))} -> -- | I10: {=INDEX('D2'!A:A,1+BIN2DEC(MID($B10,16,2)))} -> 0 | J10: =BIN2DEC(MID($B10,17,1)) -> 0 | K10: =BIN2DEC(MID($B10,18,1)) -> 0 | L10: =BIN2DEC(MID($B10,19,1)) -> 0 | M10: {=INDEX(Types!A:A,1+BIN2DEC(MID($B10,20,2)))} -> Control | N10: {=IF(M10="ALU",INDEX(ALUOps!A:A,1+BIN2DEC(MID($B10,22,5))),"")} | O10: {=IF(M10="ALU",INDEX(TMP!A:A,1+BIN2DEC(MID($B10,27,2))),"")} | P10: =IF(M10="ALU",BIN2DEC(MID($B10,29,1)),"") | Q10: =IF(M10="Jump",BIN2DEC(MID($B10,22,4)),"") | R10: =IF(M10="Jump",15-BIN2DEC(MID($B10,26,4)),"") | S10: {=IF(M10="Control",INDEX(IC!A:A,1+BIN2DEC(MID($B10,21,4))),"")} -> 0 | T10: {=IF(M10="Control",INDEX(EC!A:A,1+BIN2DEC(MID($B10,25,3))),"")} -> 6 | U10: {=IF(M10="Control",INDEX(SR!A:A,1+BIN2DEC(MID($B10,28,2))),"")} -> 1 | X10: POP sr | AC10: 07,0f,17,1f | AD10: 07,0f,17,1f
A11: =DEC2HEX(ROW(A10)-ROW($A$1),3) -> 009 | B11: 00011100100000000001100011101 | F11: {=INDEX(Sources!A:A, 1 + BIN2DEC(LEFT($B11,5)))} -> SP | G11: {=INDEX(Dest1!A:A,1+BIN2DEC(MID($B11,6,5)))} -> TMPA | H11: {=INDEX(Source2!A:A,1+BIN2DEC(MID($B11,11,4)))} -> -- | I11: {=INDEX('D2'!A:A,1+BIN2DEC(MID($B11,16,2)))} -> 0 | J11: =BIN2DEC(MID($B11,17,1)) -> 0 | K11: =BIN2DEC(MID($B11,18,1)) -> 0 | L11: =BIN2DEC(MID($B11,19,1)) -> 0 | M11: {=INDEX(Types!A:A,1+BIN2DEC(MID($B11,20,2)))} -> ALU | N11: {=IF(M11="ALU",INDEX(ALUOps!A:A,1+BIN2DEC(MID($B11,22,5))),"")} -> 3 | O11: {=IF(M11="ALU",INDEX(TMP!A:A,1+BIN2DEC(MID($B11,27,2))),"")} -> 2 | P11: =IF(M11="ALU",BIN2DEC(MID($B11,29,1)),"") -> 1 | Q11: =IF(M11="Jump",BIN2DEC(MID($B11,22,4)),"") | R11: =IF(M11="Jump",15-BIN2DEC(MID($B11,26,4)),"") | S11: {=IF(M11="Control",INDEX(IC!A:A,1+BIN2DEC(MID($B11,21,4))),"")} | T11: {=IF(M11="Control",INDEX(EC!A:A,1+BIN2DEC(MID($B11,25,3))),"")} | U11: {=IF(M11="Control",INDEX(SR!A:A,1+BIN2DEC(MID($B11,28,2))),"")}
A12: =DEC2HEX(ROW(A11)-ROW($A$1),3) -> 00A | B12: 01011000110000000000000000000 | F12: {=INDEX(Sources!A:A, 1 + BIN2DEC(LEFT($B12,5)))} -> SIGMA | G12: {=INDEX(Dest1!A:A,1+BIN2DEC(MID($B12,6,5)))} -> SP | H12: {=INDEX(Source2!A:A,1+BIN2DEC(MID($B12,11,4)))} -> -- | I12: {=INDEX('D2'!A:A,1+BIN2DEC(MID($B12,16,2)))} -> 0 | J12: =BIN2DEC(MID($B12,17,1)) -> 0 | K12: =BIN2DEC(MID($B12,18,1)) -> 0 | L12: =BIN2DEC(MID($B12,19,1)) -> 0 | M12: {=INDEX(Types!A:A,1+BIN2DEC(MID($B12,20,2)))} -> Control | N12: {=IF(M12="ALU",INDEX(ALUOps!A:A,1+BIN2DEC(MID($B12,22,5))),"")} | O12: {=IF(M12="ALU",INDEX(TMP!A:A,1+BIN2DEC(MID($B12,27,2))),"")} | P12: =IF(M12="ALU",BIN2DEC(MID($B12,29,1)),"") | Q12: =IF(M12="Jump",BIN2DEC(MID($B12,22,4)),"") | R12: =IF(M12="Jump",15-BIN2DEC(MID($B12,26,4)),"") | S12: {=IF(M12="Control",INDEX(IC!A:A,1+BIN2DEC(MID($B12,21,4))),"")} -> 0 | T12: {=IF(M12="Control",INDEX(EC!A:A,1+BIN2DEC(MID($B12,25,3))),"")} -> 0 | U12: {=IF(M12="Control",INDEX(SR!A:A,1+BIN2DEC(MID($B12,28,2))),"")} -> 0
A13: =DEC2HEX(ROW(A12)-ROW($A$1),3) -> 00B | B13: 11001011010000001010000000000 | F13: {=INDEX(Sources!A:A, 1 + BIN2DEC(LEFT($B13,5)))} -> OUT | G13: {=INDEX(Dest1!A:A,1+BIN2DEC(MID($B13,6,5)))} -> REG | H13: {=INDEX(Source2!A:A,1+BIN2DEC(MID($B13,11,4)))} -> -- | I13: {=INDEX('D2'!A:A,1+BIN2DEC(MID($B13,16,2)))} -> 1 | J13: =BIN2DEC(MID($B13,17,1)) -> 1 | K13: =BIN2DEC(MID($B13,18,1)) -> 0 | L13: =BIN2DEC(MID($B13,19,1)) -> 1 | M13: {=INDEX(Types!A:A,1+BIN2DEC(MID($B13,20,2)))} -> Control | N13: {=IF(M13="ALU",INDEX(ALUOps!A:A,1+BIN2DEC(MID($B13,22,5))),"")} | O13: {=IF(M13="ALU",INDEX(TMP!A:A,1+BIN2DEC(MID($B13,27,2))),"")} | P13: =IF(M13="ALU",BIN2DEC(MID($B13,29,1)),"") | Q13: =IF(M13="Jump",BIN2DEC(MID($B13,22,4)),"") | R13: =IF(M13="Jump",15-BIN2DEC(MID($B13,26,4)),"") | S13: {=IF(M13="Control",INDEX(IC!A:A,1+BIN2DEC(MID($B13,21,4))),"")} -> 0 | T13: {=IF(M13="Control",INDEX(EC!A:A,1+BIN2DEC(MID($B13,25,3))),"")} -> 0 | U13: {=IF(M13="Control",INDEX(SR!A:A,1+BIN2DEC(MID($B13,28,2))),"")} -> 0
A14: =DEC2HEX(ROW(A13)-ROW($A$1),3) -> 00C | B14: 00011100100000000001100010101 | C14: 00?.000??110.00 | D14: 00? | E14: 00 | F14: {=INDEX(Sources!A:A, 1 + BIN2DEC(LEFT($B14,5)))} -> SP | G14: {=INDEX(Dest1!A:A,1+BIN2DEC(MID($B14,6,5)))} -> TMPA | H14: {=INDEX(Source2!A:A,1+BIN2DEC(MID($B14,11,4)))} -> -- | I14: {=INDEX('D2'!A:A,1+BIN2DEC(MID($B14,16,2)))} -> 0 | J14: =BIN2DEC(MID($B14,17,1)) -> 0 | K14: =BIN2DEC(MID($B14,18,1)) -> 0 | L14: =BIN2DEC(MID($B14,19,1)) -> 0 | M14: {=INDEX(Types!A:A,1+BIN2DEC(MID($B14,20,2)))} -> ALU | N14: {=IF(M14="ALU",INDEX(ALUOps!A:A,1+BIN2DEC(MID($B14,22,5))),"")} -> 2 | O14: {=IF(M14="ALU",INDEX(TMP!A:A,1+BIN2DEC(MID($B14,27,2))),"")} -> 2 | P14: =IF(M14="ALU",BIN2DEC(MID($B14,29,1)),"") -> 1 | Q14: =IF(M14="Jump",BIN2DEC(MID($B14,22,4)),"") | R14: =IF(M14="Jump",15-BIN2DEC(MID($B14,26,4)),"") | S14: {=IF(M14="Control",INDEX(IC!A:A,1+BIN2DEC(MID($B14,21,4))),"")} | T14: {=IF(M14="Control",INDEX(EC!A:A,1+BIN2DEC(MID($B14,25,3))),"")} | U14: {=IF(M14="Control",INDEX(SR!A:A,1+BIN2DEC(MID($B14,28,2))),"")} | X14: PUSH sr | AC14: 06,0e,16,1e | AD14: 06,0e,16,1e
A15: =DEC2HEX(ROW(A14)-ROW($A$1),3) -> 00D | B15: 01101110011011010000000010101 | F15: {=INDEX(Sources!A:A, 1 + BIN2DEC(LEFT($B15,5)))} -> REG | G15: {=INDEX(Dest1!A:A,1+BIN2DEC(MID($B15,6,5)))} -> OUT | H15: {=INDEX(Source2!A:A,1+BIN2DEC(MID($B15,11,4)))} -> 11 | I15: {=INDEX('D2'!A:A,1+BIN2DEC(MID($B15,16,2)))} -> TMPB | J15: =BIN2DEC(MID($B15,17,1)) -> 0 | K15: =BIN2DEC(MID($B15,18,1)) -> 0 | L15: =BIN2DEC(MID($B15,19,1)) -> 0 | M15: {=INDEX(Types!A:A,1+BIN2DEC(MID($B15,20,2)))} -> Control | N15: {=IF(M15="ALU",INDEX(ALUOps!A:A,1+BIN2DEC(MID($B15,22,5))),"")} | O15: {=IF(M15="ALU",INDEX(TMP!A:A,1+BIN2DEC(MID($B15,27,2))),"")} | P15: =IF(M15="ALU",BIN2DEC(MID($B15,29,1)),"") | Q15: =IF(M15="Jump",BIN2DEC(MID($B15,22,4)),"") | R15: =IF(M15="Jump",15-BIN2DEC(MID($B15,26,4)),"") | S15: {=IF(M15="Control",INDEX(IC!A:A,1+BIN2DEC(MID($B15,21,4))),"")} -> 0 | T15: {=IF(M15="Control",INDEX(EC!A:A,1+BIN2DEC(MID($B15,25,3))),"")} -> 5 | U15: {=IF(M15="Control",INDEX(SR!A:A,1+BIN2DEC(MID($B15,28,2))),"")} -> 1
A16: =DEC2HEX(ROW(A15)-ROW($A$1),3) -> 00E | B16: 01011000110000000010000000000 | F16: {=INDEX(Sources!A:A, 1 + BIN2DEC(LEFT($B16,5)))} -> SIGMA | G16: {=INDEX(Dest1!A:A,1+BIN2DEC(MID($B16,6,5)))} -> SP | H16: {=INDEX(Source2!A:A,1+BIN2DEC(MID($B16,11,4)))} -> -- | I16: {=INDEX('D2'!A:A,1+BIN2DEC(MID($B16,16,2)))} -> 0 | J16: =BIN2DEC(MID($B16,17,1)) -> 0 | K16: =BIN2DEC(MID($B16,18,1)) -> 0 | L16: =BIN2DEC(MID($B16,19,1)) -> 1 | M16: {=INDEX(Types!A:A,1+BIN2DEC(MID($B16,20,2)))} -> Control | N16: {=IF(M16="ALU",INDEX(ALUOps!A:A,1+BIN2DEC(MID($B16,22,5))),"")} | O16: {=IF(M16="ALU",INDEX(TMP!A:A,1+BIN2DEC(MID($B16,27,2))),"")} | P16: =IF(M16="ALU",BIN2DEC(MID($B16,29,1)),"") | Q16: =IF(M16="Jump",BIN2DEC(MID($B16,22,4)),"") | R16: =IF(M16="Jump",15-BIN2DEC(MID($B16,26,4)),"") | S16: {=IF(M16="Control",INDEX(IC!A:A,1+BIN2DEC(MID($B16,21,4))),"")} -> 0 | T16: {=IF(M16="Control",INDEX(EC!A:A,1+BIN2DEC(MID($B16,25,3))),"")} -> 0 | U16: {=IF(M16="Control",INDEX(SR!A:A,1+BIN2DEC(MID($B16,28,2))),"")} -> 0
A17: =DEC2HEX(ROW(A16)-ROW($A$1),3) -> 00F | B17: 00000000000000000000000000000 | G17: {=INDEX(Dest1!A:A,1+BIN2DEC(MID($B17,6,5)))} -> -- | H17: {=INDEX(Source2!A:A,1+BIN2DEC(MID($B17,11,4)))} -> -- | N17: {=IF(M17="ALU",INDEX(ALUOps!A:A,1+BIN2DEC(MID($B17,22,5))),"")} | O17: {=IF(M17="ALU",INDEX(TMP!A:A,1+BIN2DEC(MID($B17,27,2))),"")} | P17: =IF(M17="ALU",BIN2DEC(MID($B17,29,1)),"") | Q17: =IF(M17="Jump",BIN2DEC(MID($B17,22,4)),"") | R17: =IF(M17="Jump",15-BIN2DEC(MID($B17,26,4)),"") | S17: {=IF(M17="Control",INDEX(IC!A:A,1+BIN2DEC(MID($B17,21,4))),"")} | T17: {=IF(M17="Control",INDEX(EC!A:A,1+BIN2DEC(MID($B17,25,3))),"")} | U17: {=IF(M17="Control",INDEX(SR!A:A,1+BIN2DEC(MID($B17,28,2))),"")}
A18: =DEC2HEX(ROW(A17)-ROW($A$1),3) -> 010 | B18: 00111010100000000001101011101 | C18: 00?.00100111.00 | D18: 00? | E18: 00 | F18: {=INDEX(Sources!A:A, 1 + BIN2DEC(LEFT($B18,5)))} -> A | G18: {=INDEX(Dest1!A:A,1+BIN2DEC(MID($B18,6,5)))} -> UNK10 | H18: {=INDEX(Source2!A:A,1+BIN2DEC(MID($B18,11,4)))} -> -- | I18: {=INDEX('D2'!A:A,1+BIN2DEC(MID($B18,16,2)))} -> 0 | J18: =BIN2DEC(MID($B18,17,1)) -> 0 | K18: =BIN2DEC(MID($B18,18,1)) -> 0 | L18: =BIN2DEC(MID($B18,19,1)) -> 0 | M18: {=INDEX(Types!A:A,1+BIN2DEC(MID($B18,20,2)))} -> ALU | N18: {=IF(M18="ALU",INDEX(ALUOps!A:A,1+BIN2DEC(MID($B18,22,5))),"")} -> 11 | O18: {=IF(M18="ALU",INDEX(TMP!A:A,1+BIN2DEC(MID($B18,27,2))),"")} -> 2 | P18: =IF(M18="ALU",BIN2DEC(MID($B18,29,1)),"") -> 1 | Q18: =IF(M18="Jump",BIN2DEC(MID($B18,22,4)),"") | R18: =IF(M18="Jump",15-BIN2DEC(MID($B18,26,4)),"") | S18: {=IF(M18="Control",INDEX(IC!A:A,1+BIN2DEC(MID($B18,21,4))),"")} | T18: {=IF(M18="Control",INDEX(EC!A:A,1+BIN2DEC(MID($B18,25,3))),"")} | U18: {=IF(M18="Control",INDEX(SR!A:A,1+BIN2DEC(MID($B18,28,2))),"")} | X18: DAA | AC18: 27 | AD18: 27
A19: =DEC2HEX(ROW(A18)-ROW($A$1),3) -> 011 | B19: 01010100110000000011111111111 | F19: {=INDEX(Sources!A:A, 1 + BIN2DEC(LEFT($B19,5)))} -> UNK10 | G19: {=INDEX(Dest1!A:A,1+BIN2DEC(MID($B19,6,5)))} -> TMPB | H19: {=INDEX(Source2!A:A,1+BIN2DEC(MID($B19,11,4)))} -> -- | I19: {=INDEX('D2'!A:A,1+BIN2DEC(MID($B19,16,2)))} -> 0 | J19: =BIN2DEC(MID($B19,17,1)) -> 0 | K19: =BIN2DEC(MID($B19,18,1)) -> 0 | L19: =BIN2DEC(MID($B19,19,1)) -> 1 | M19: {=INDEX(Types!A:A,1+BIN2DEC(MID($B19,20,2)))} -> ALU | N19: {=IF(M19="ALU",INDEX(ALUOps!A:A,1+BIN2DEC(MID($B19,22,5))),"")} -> 31 | O19: {=IF(M19="ALU",INDEX(TMP!A:A,1+BIN2DEC(MID($B19,27,2))),"")} -> 3 | P19: =IF(M19="ALU",BIN2DEC(MID($B19,29,1)),"") -> 1 | Q19: =IF(M19="Jump",BIN2DEC(MID($B19,22,4)),"") | R19: =IF(M19="Jump",15-BIN2DEC(MID($B19,26,4)),"") | S19: {=IF(M19="Control",INDEX(IC!A:A,1+BIN2DEC(MID($B19,21,4))),"")} | T19: {=IF(M19="Control",INDEX(EC!A:A,1+BIN2DEC(MID($B19,25,3))),"")} | U19: {=IF(M19="Control",INDEX(SR!A:A,1+BIN2DEC(MID($B19,28,2))),"")}
A20: =DEC2HEX(ROW(A19)-ROW($A$1),3) -> 012 | B20: 01011101111011000100000000000 | F20: {=INDEX(Sources!A:A, 1 + BIN2DEC(LEFT($B20,5)))} -> SIGMA | G20: {=INDEX(Dest1!A:A,1+BIN2DEC(MID($B20,6,5)))} -> UNK23 | H20: {=INDEX(Source2!A:A,1+BIN2DEC(MID($B20,11,4)))} -> 11 | I20: {=INDEX('D2'!A:A,1+BIN2DEC(MID($B20,16,2)))} -> 0 | J20: =BIN2DEC(MID($B20,17,1)) -> 0 | K20: =BIN2DEC(MID($B20,18,1)) -> 1 | L20: =BIN2DEC(MID($B20,19,1)) -> 0 | M20: {=INDEX(Types!A:A,1+BIN2DEC(MID($B20,20,2)))} -> Control | N20: {=IF(M20="ALU",INDEX(ALUOps!A:A,1+BIN2DEC(MID($B20,22,5))),"")} | O20: {=IF(M20="ALU",INDEX(TMP!A:A,1+BIN2DEC(MID($B20,27,2))),"")} | P20: =IF(M20="ALU",BIN2DEC(MID($B20,29,1)),"") | Q20: =IF(M20="Jump",BIN2DEC(MID($B20,22,4)),"") | R20: =IF(M20="Jump",15-BIN2DEC(MID($B20,26,4)),"") | S20: {=IF(M20="Control",INDEX(IC!A:A,1+BIN2DEC(MID($B20,21,4))),"")} -> 0 | T20: {=IF(M20="Control",INDEX(EC!A:A,1+BIN2DEC(MID($B20,25,3))),"")} -> 0 | U20: {=IF(M20="Control",INDEX(SR!A:A,1+BIN2DEC(MID($B20,28,2))),"")} -> 0
A21: =DEC2HEX(ROW(A20)-ROW($A$1),3) -> 013 | B21: 00000000000000000000000000000 | G21: {=INDEX(Dest1!A:A,1+BIN2DEC(MID($B21,6,5)))} -> -- | H21: {=INDEX(Source2!A:A,1+BIN2DEC(MID($B21,11,4)))} -> -- | N21: {=IF(M21="ALU",INDEX(ALUOps!A:A,1+BIN2DEC(MID($B21,22,5))),"")} | O21: {=IF(M21="ALU",INDEX(TMP!A:A,1+BIN2DEC(MID($B21,27,2))),"")} | P21: =IF(M21="ALU",BIN2DEC(MID($B21,29,1)),"") | Q21: =IF(M21="Jump",BIN2DEC(MID($B21,22,4)),"") | R21: =IF(M21="Jump",15-BIN2DEC(MID($B21,26,4)),"") | S21: {=IF(M21="Control",INDEX(IC!A:A,1+BIN2DEC(MID($B21,21,4))),"")} | T21: {=IF(M21="Control",INDEX(EC!A:A,1+BIN2DEC(MID($B21,25,3))),"")} | U21: {=IF(M21="Control",INDEX(SR!A:A,1+BIN2DEC(MID($B21,28,2))),"")}
A22: =DEC2HEX(ROW(A21)-ROW($A$1),3) -> 014 | B22: 00111010100000000001101011101 | C22: 00?.00101111.00 | D22: 00? | E22: 00 | F22: {=INDEX(Sources!A:A, 1 + BIN2DEC(LEFT($B22,5)))} -> A | G22: {=INDEX(Dest1!A:A,1+BIN2DEC(MID($B22,6,5)))} -> UNK10 | H22: {=INDEX(Source2!A:A,1+BIN2DEC(MID($B22,11,4)))} -> -- | I22: {=INDEX('D2'!A:A,1+BIN2DEC(MID($B22,16,2)))} -> 0 | J22: =BIN2DEC(MID($B22,17,1)) -> 0 | K22: =BIN2DEC(MID($B22,18,1)) -> 0 | L22: =BIN2DEC(MID($B22,19,1)) -> 0 | M22: {=INDEX(Types!A:A,1+BIN2DEC(MID($B22,20,2)))} -> ALU | N22: {=IF(M22="ALU",INDEX(ALUOps!A:A,1+BIN2DEC(MID($B22,22,5))),"")} -> 11 | O22: {=IF(M22="ALU",INDEX(TMP!A:A,1+BIN2DEC(MID($B22,27,2))),"")} -> 2 | P22: =IF(M22="ALU",BIN2DEC(MID($B22,29,1)),"") -> 1 | Q22: =IF(M22="Jump",BIN2DEC(MID($B22,22,4)),"") | R22: =IF(M22="Jump",15-BIN2DEC(MID($B22,26,4)),"") | S22: {=IF(M22="Control",INDEX(IC!A:A,1+BIN2DEC(MID($B22,21,4))),"")} | T22: {=IF(M22="Control",INDEX(EC!A:A,1+BIN2DEC(MID($B22,25,3))),"")} | U22: {=IF(M22="Control",INDEX(SR!A:A,1+BIN2DEC(MID($B22,28,2))),"")} | X22: DAS | AC22: 2f | AD22: 2f
A23: =DEC2HEX(ROW(A22)-ROW($A$1),3) -> 015 | B23: 01010100110000000011111010111 | F23: {=INDEX(Sources!A:A, 1 + BIN2DEC(LEFT($B23,5)))} -> UNK10 | G23: {=INDEX(Dest1!A:A,1+BIN2DEC(MID($B23,6,5)))} -> TMPB | H23: {=INDEX(Source2!A:A,1+BIN2DEC(MID($B23,11,4)))} -> -- | I23: {=INDEX('D2'!A:A,1+BIN2DEC(MID($B23,16,2)))} -> 0 | J23: =BIN2DEC(MID($B23,17,1)) -> 0 | K23: =BIN2DEC(MID($B23,18,1)) -> 0 | L23: =BIN2DEC(MID($B23,19,1)) -> 1 | M23: {=INDEX(Types!A:A,1+BIN2DEC(MID($B23,20,2)))} -> ALU | N23: {=IF(M23="ALU",INDEX(ALUOps!A:A,1+BIN2DEC(MID($B23,22,5))),"")} -> 26 | O23: {=IF(M23="ALU",INDEX(TMP!A:A,1+BIN2DEC(MID($B23,27,2))),"")} -> 3 | P23: =IF(M23="ALU",BIN2DEC(MID($B23,29,1)),"") -> 1 | Q23: =IF(M23="Jump",BIN2DEC(MID($B23,22,4)),"") | R23: =IF(M23="Jump",15-BIN2DEC(MID($B23,26,4)),"") | S23: {=IF(M23="Control",INDEX(IC!A:A,1+BIN2DEC(MID($B23,21,4))),"")} | T23: {=IF(M23="Control",INDEX(EC!A:A,1+BIN2DEC(MID($B23,25,3))),"")} | U23: {=IF(M23="Control",INDEX(SR!A:A,1+BIN2DEC(MID($B23,28,2))),"")}
A24: =DEC2HEX(ROW(A23)-ROW($A$1),3) -> 016 | B24: 01011101111011000100000000000 | F24: {=INDEX(Sources!A:A, 1 + BIN2DEC(LEFT($B24,5)))} -> SIGMA | G24: {=INDEX(Dest1!A:A,1+BIN2DEC(MID($B24,6,5)))} -> UNK23 | H24: {=INDEX(Source2!A:A,1+BIN2DEC(MID($B24,11,4)))} -> 11 | I24: {=INDEX('D2'!A:A,1+BIN2DEC(MID($B24,16,2)))} -> 0 | J24: =BIN2DEC(MID($B24,17,1)) -> 0 | K24: =BIN2DEC(MID($B24,18,1)) -> 1 | L24: =BIN2DEC(MID($B24,19,1)) -> 0 | M24: {=INDEX(Types!A:A,1+BIN2DEC(MID($B24,20,2)))} -> Control | N24: {=IF(M24="ALU",INDEX(ALUOps!A:A,1+BIN2DEC(MID($B24,22,5))),"")} | O24: {=IF(M24="ALU",INDEX(TMP!A:A,1+BIN2DEC(MID($B24,27,2))),"")} | P24: =IF(M24="ALU",BIN2DEC(MID($B24,29,1)),"") | Q24: =IF(M24="Jump",BIN2DEC(MID($B24,22,4)),"") | R24: =IF(M24="Jump",15-BIN2DEC(MID($B24,26,4)),"") | S24: {=IF(M24="Control",INDEX(IC!A:A,1+BIN2DEC(MID($B24,21,4))),"")} -> 0 | T24: {=IF(M24="Control",INDEX(EC!A:A,1+BIN2DEC(MID($B24,25,3))),"")} -> 0 | U24: {=IF(M24="Control",INDEX(SR!A:A,1+BIN2DEC(MID($B24,28,2))),"")} -> 0
A25: =DEC2HEX(ROW(A24)-ROW($A$1),3) -> 017 | B25: 00000000000000000000000000000 | G25: {=INDEX(Dest1!A:A,1+BIN2DEC(MID($B25,6,5)))} -> -- | H25: {=INDEX(Source2!A:A,1+BIN2DEC(MID($B25,11,4)))} -> -- | N25: {=IF(M25="ALU",INDEX(ALUOps!A:A,1+BIN2DEC(MID($B25,22,5))),"")} | O25: {=IF(M25="ALU",INDEX(TMP!A:A,1+BIN2DEC(MID($B25,27,2))),"")} | P25: =IF(M25="ALU",BIN2DEC(MID($B25,29,1)),"") | Q25: =IF(M25="Jump",BIN2DEC(MID($B25,22,4)),"") | R25: =IF(M25="Jump",15-BIN2DEC(MID($B25,26,4)),"") | S25: {=IF(M25="Control",INDEX(IC!A:A,1+BIN2DEC(MID($B25,21,4))),"")} | T25: {=IF(M25="Control",INDEX(EC!A:A,1+BIN2DEC(MID($B25,25,3))),"")} | U25: {=IF(M25="Control",INDEX(SR!A:A,1+BIN2DEC(MID($B25,28,2))),"")}
A26: =DEC2HEX(ROW(A25)-ROW($A$1),3) -> 018 | B26: 00111010100000000001101010101 | C26: 00?.00110111.00 | D26: 00? | E26: 00 | F26: {=INDEX(Sources!A:A, 1 + BIN2DEC(LEFT($B26,5)))} -> A | G26: {=INDEX(Dest1!A:A,1+BIN2DEC(MID($B26,6,5)))} -> UNK10 | H26: {=INDEX(Source2!A:A,1+BIN2DEC(MID($B26,11,4)))} -> -- | I26: {=INDEX('D2'!A:A,1+BIN2DEC(MID($B26,16,2)))} -> 0 | J26: =BIN2DEC(MID($B26,17,1)) -> 0 | K26: =BIN2DEC(MID($B26,18,1)) -> 0 | L26: =BIN2DEC(MID($B26,19,1)) -> 0 | M26: {=INDEX(Types!A:A,1+BIN2DEC(MID($B26,20,2)))} -> ALU | N26: {=IF(M26="ALU",INDEX(ALUOps!A:A,1+BIN2DEC(MID($B26,22,5))),"")} -> 10 | O26: {=IF(M26="ALU",INDEX(TMP!A:A,1+BIN2DEC(MID($B26,27,2))),"")} -> 2 | P26: =IF(M26="ALU",BIN2DEC(MID($B26,29,1)),"") -> 1 | Q26: =IF(M26="Jump",BIN2DEC(MID($B26,22,4)),"") | R26: =IF(M26="Jump",15-BIN2DEC(MID($B26,26,4)),"") | S26: {=IF(M26="Control",INDEX(IC!A:A,1+BIN2DEC(MID($B26,21,4))),"")} | T26: {=IF(M26="Control",INDEX(EC!A:A,1+BIN2DEC(MID($B26,25,3))),"")} | U26: {=IF(M26="Control",INDEX(SR!A:A,1+BIN2DEC(MID($B26,28,2))),"")} | X26: AAA | AC26: 37 | AD26: 37
A27: =DEC2HEX(ROW(A26)-ROW($A$1),3) -> 019 | B27: 01010100110000000001111111111 | F27: {=INDEX(Sources!A:A, 1 + BIN2DEC(LEFT($B27,5)))} -> UNK10 | G27: {=INDEX(Dest1!A:A,1+BIN2DEC(MID($B27,6,5)))} -> TMPB | H27: {=INDEX(Source2!A:A,1+BIN2DEC(MID($B27,11,4)))} -> -- | I27: {=INDEX('D2'!A:A,1+BIN2DEC(MID($B27,16,2)))} -> 0 | J27: =BIN2DEC(MID($B27,17,1)) -> 0 | K27: =BIN2DEC(MID($B27,18,1)) -> 0 | L27: =BIN2DEC(MID($B27,19,1)) -> 0 | M27: {=INDEX(Types!A:A,1+BIN2DEC(MID($B27,20,2)))} -> ALU | N27: {=IF(M27="ALU",INDEX(ALUOps!A:A,1+BIN2DEC(MID($B27,22,5))),"")} -> 31 | O27: {=IF(M27="ALU",INDEX(TMP!A:A,1+BIN2DEC(MID($B27,27,2))),"")} -> 3 | P27: =IF(M27="ALU",BIN2DEC(MID($B27,29,1)),"") -> 1 | Q27: =IF(M27="Jump",BIN2DEC(MID($B27,22,4)),"") | R27: =IF(M27="Jump",15-BIN2DEC(MID($B27,26,4)),"") | S27: {=IF(M27="Control",INDEX(IC!A:A,1+BIN2DEC(MID($B27,21,4))),"")} | T27: {=IF(M27="Control",INDEX(EC!A:A,1+BIN2DEC(MID($B27,25,3))),"")} | U27: {=IF(M27="Control",INDEX(SR!A:A,1+BIN2DEC(MID($B27,28,2))),"")}
A28: =DEC2HEX(ROW(A27)-ROW($A$1),3) -> 01A | B28: 01011101111011000101100111101 | F28: {=INDEX(Sources!A:A, 1 + BIN2DEC(LEFT($B28,5)))} -> SIGMA | G28: {=INDEX(Dest1!A:A,1+BIN2DEC(MID($B28,6,5)))} -> UNK23 | H28: {=INDEX(Source2!A:A,1+BIN2DEC(MID($B28,11,4)))} -> 11 | I28: {=INDEX('D2'!A:A,1+BIN2DEC(MID($B28,16,2)))} -> 0 | J28: =BIN2DEC(MID($B28,17,1)) -> 0 | K28: =BIN2DEC(MID($B28,18,1)) -> 1 | L28: =BIN2DEC(MID($B28,19,1)) -> 0 | M28: {=INDEX(Types!A:A,1+BIN2DEC(MID($B28,20,2)))} -> ALU | N28: {=IF(M28="ALU",INDEX(ALUOps!A:A,1+BIN2DEC(MID($B28,22,5))),"")} -> 7 | O28: {=IF(M28="ALU",INDEX(TMP!A:A,1+BIN2DEC(MID($B28,27,2))),"")} -> 2 | P28: =IF(M28="ALU",BIN2DEC(MID($B28,29,1)),"") -> 1 | Q28: =IF(M28="Jump",BIN2DEC(MID($B28,22,4)),"") | R28: =IF(M28="Jump",15-BIN2DEC(MID($B28,26,4)),"") | S28: {=IF(M28="Control",INDEX(IC!A:A,1+BIN2DEC(MID($B28,21,4))),"")} | T28: {=IF(M28="Control",INDEX(EC!A:A,1+BIN2DEC(MID($B28,25,3))),"")} | U28: {=IF(M28="Control",INDEX(SR!A:A,1+BIN2DEC(MID($B28,28,2))),"")}
A29: =DEC2HEX(ROW(A28)-ROW($A$1),3) -> 01B | B29: 01111100100000000001011101010 | F29: {=INDEX(Sources!A:A, 1 + BIN2DEC(LEFT($B29,5)))} -> AH | G29: {=INDEX(Dest1!A:A,1+BIN2DEC(MID($B29,6,5)))} -> TMPA | H29: {=INDEX(Source2!A:A,1+BIN2DEC(MID($B29,11,4)))} -> -- | I29: {=INDEX('D2'!A:A,1+BIN2DEC(MID($B29,16,2)))} -> 0 | J29: =BIN2DEC(MID($B29,17,1)) -> 0 | K29: =BIN2DEC(MID($B29,18,1)) -> 0 | L29: =BIN2DEC(MID($B29,19,1)) -> 0 | M29: {=INDEX(Types!A:A,1+BIN2DEC(MID($B29,20,2)))} -> Jump | N29: {=IF(M29="ALU",INDEX(ALUOps!A:A,1+BIN2DEC(MID($B29,22,5))),"")} | O29: {=IF(M29="ALU",INDEX(TMP!A:A,1+BIN2DEC(MID($B29,27,2))),"")} | P29: =IF(M29="ALU",BIN2DEC(MID($B29,29,1)),"") | Q29: =IF(M29="Jump",BIN2DEC(MID($B29,22,4)),"") -> 14 | R29: =IF(M29="Jump",15-BIN2DEC(MID($B29,26,4)),"") -> 5 | S29: {=IF(M29="Control",INDEX(IC!A:A,1+BIN2DEC(MID($B29,21,4))),"")} | T29: {=IF(M29="Control",INDEX(EC!A:A,1+BIN2DEC(MID($B29,25,3))),"")} | U29: {=IF(M29="Control",INDEX(SR!A:A,1+BIN2DEC(MID($B29,28,2))),"")}
A30: =DEC2HEX(ROW(A29)-ROW($A$1),3) -> 01C | B30: 01011011110000000000000000000 | C30: 00?.0011?111.01 | D30: 00? | E30: 01 | F30: {=INDEX(Sources!A:A, 1 + BIN2DEC(LEFT($B30,5)))} -> SIGMA | G30: {=INDEX(Dest1!A:A,1+BIN2DEC(MID($B30,6,5)))} -> AH | H30: {=INDEX(Source2!A:A,1+BIN2DEC(MID($B30,11,4)))} -> -- | I30: {=INDEX('D2'!A:A,1+BIN2DEC(MID($B30,16,2)))} -> 0 | J30: =BIN2DEC(MID($B30,17,1)) -> 0 | K30: =BIN2DEC(MID($B30,18,1)) -> 0 | L30: =BIN2DEC(MID($B30,19,1)) -> 0 | M30: {=INDEX(Types!A:A,1+BIN2DEC(MID($B30,20,2)))} -> Control | N30: {=IF(M30="ALU",INDEX(ALUOps!A:A,1+BIN2DEC(MID($B30,22,5))),"")} | O30: {=IF(M30="ALU",INDEX(TMP!A:A,1+BIN2DEC(MID($B30,27,2))),"")} | P30: =IF(M30="ALU",BIN2DEC(MID($B30,29,1)),"") | Q30: =IF(M30="Jump",BIN2DEC(MID($B30,22,4)),"") | R30: =IF(M30="Jump",15-BIN2DEC(MID($B30,26,4)),"") | S30: {=IF(M30="Control",INDEX(IC!A:A,1+BIN2DEC(MID($B30,21,4))),"")} -> 0 | T30: {=IF(M30="Control",INDEX(EC!A:A,1+BIN2DEC(MID($B30,25,3))),"")} -> 0 | U30: {=IF(M30="Control",INDEX(SR!A:A,1+BIN2DEC(MID($B30,28,2))),"")} -> 0 | X30: AAA/AAS | AC30: 37,3f | AD30: 37,3f
A31: =DEC2HEX(ROW(A30)-ROW($A$1),3) -> 01D | B31: 00000000000000000010000000000 | F31: {=INDEX(Sources!A:A, 1 + BIN2DEC(LEFT($B31,5)))} -> -- | G31: {=INDEX(Dest1!A:A,1+BIN2DEC(MID($B31,6,5)))} -> -- | H31: {=INDEX(Source2!A:A,1+BIN2DEC(MID($B31,11,4)))} -> -- | I31: {=INDEX('D2'!A:A,1+BIN2DEC(MID($B31,16,2)))} -> 0 | J31: =BIN2DEC(MID($B31,17,1)) -> 0 | K31: =BIN2DEC(MID($B31,18,1)) -> 0 | L31: =BIN2DEC(MID($B31,19,1)) -> 1 | M31: {=INDEX(Types!A:A,1+BIN2DEC(MID($B31,20,2)))} -> Control | N31: {=IF(M31="ALU",INDEX(ALUOps!A:A,1+BIN2DEC(MID($B31,22,5))),"")} | O31: {=IF(M31="ALU",INDEX(TMP!A:A,1+BIN2DEC(MID($B31,27,2))),"")} | P31: =IF(M31="ALU",BIN2DEC(MID($B31,29,1)),"") | Q31: =IF(M31="Jump",BIN2DEC(MID($B31,22,4)),"") | R31: =IF(M31="Jump",15-BIN2DEC(MID($B31,26,4)),"") | S31: {=IF(M31="Control",INDEX(IC!A:A,1+BIN2DEC(MID($B31,21,4))),"")} -> 0 | T31: {=IF(M31="Control",INDEX(EC!A:A,1+BIN2DEC(MID($B31,25,3))),"")} -> 0 | U31: {=IF(M31="Control",INDEX(SR!A:A,1+BIN2DEC(MID($B31,28,2))),"")} -> 0
A32: =DEC2HEX(ROW(A31)-ROW($A$1),3) -> 01E | B32: 00000000000000000000000000000 | G32: {=INDEX(Dest1!A:A,1+BIN2DEC(MID($B32,6,5)))} -> -- | H32: {=INDEX(Source2!A:A,1+BIN2DEC(MID($B32,11,4)))} -> -- | N32: {=IF(M32="ALU",INDEX(ALUOps!A:A,1+BIN2DEC(MID($B32,22,5))),"")} | O32: {=IF(M32="ALU",INDEX(TMP!A:A,1+BIN2DEC(MID($B32,27,2))),"")} | P32: =IF(M32="ALU",BIN2DEC(MID($B32,29,1)),"") | Q32: =IF(M32="Jump",BIN2DEC(MID($B32,22,4)),"") | R32: =IF(M32="Jump",15-BIN2DEC(MID($B32,26,4)),"") | S32: {=IF(M32="Control",INDEX(IC!A:A,1+BIN2DEC(MID($B32,21,4))),"")} | T32: {=IF(M32="Control",INDEX(EC!A:A,1+BIN2DEC(MID($B32,25,3))),"")} | U32: {=IF(M32="Control",INDEX(SR!A:A,1+BIN2DEC(MID($B32,28,2))),"")}
A33: =DEC2HEX(ROW(A32)-ROW($A$1),3) -> 01F | B33: 00000000000000000000000000000 | G33: {=INDEX(Dest1!A:A,1+BIN2DEC(MID($B33,6,5)))} -> -- | H33: {=INDEX(Source2!A:A,1+BIN2DEC(MID($B33,11,4)))} -> -- | N33: {=IF(M33="ALU",INDEX(ALUOps!A:A,1+BIN2DEC(MID($B33,22,5))),"")} | O33: {=IF(M33="ALU",INDEX(TMP!A:A,1+BIN2DEC(MID($B33,27,2))),"")} | P33: =IF(M33="ALU",BIN2DEC(MID($B33,29,1)),"") | Q33: =IF(M33="Jump",BIN2DEC(MID($B33,22,4)),"") | R33: =IF(M33="Jump",15-BIN2DEC(MID($B33,26,4)),"") | S33: {=IF(M33="Control",INDEX(IC!A:A,1+BIN2DEC(MID($B33,21,4))),"")} | T33: {=IF(M33="Control",INDEX(EC!A:A,1+BIN2DEC(MID($B33,25,3))),"")} | U33: {=IF(M33="Control",INDEX(SR!A:A,1+BIN2DEC(MID($B33,28,2))),"")}
A34: =DEC2HEX(ROW(A33)-ROW($A$1),3) -> 020 | B34: 00111010100000000001101010101 | C34: 00?.00111111.00 | D34: 00? | E34: 00 | F34: {=INDEX(Sources!A:A, 1 + BIN2DEC(LEFT($B34,5)))} -> A | G34: {=INDEX(Dest1!A:A,1+BIN2DEC(MID($B34,6,5)))} -> UNK10 | H34: {=INDEX(Source2!A:A,1+BIN2DEC(MID($B34,11,4)))} -> -- | I34: {=INDEX('D2'!A:A,1+BIN2DEC(MID($B34,16,2)))} -> 0 | J34: =BIN2DEC(MID($B34,17,1)) -> 0 | K34: =BIN2DEC(MID($B34,18,1)) -> 0 | L34: =BIN2DEC(MID($B34,19,1)) -> 0 | M34: {=INDEX(Types!A:A,1+BIN2DEC(MID($B34,20,2)))} -> ALU | N34: {=IF(M34="ALU",INDEX(ALUOps!A:A,1+BIN2DEC(MID($B34,22,5))),"")} -> 10 | O34: {=IF(M34="ALU",INDEX(TMP!A:A,1+BIN2DEC(MID($B34,27,2))),"")} -> 2 | P34: =IF(M34="ALU",BIN2DEC(MID($B34,29,1)),"") -> 1 | Q34: =IF(M34="Jump",BIN2DEC(MID($B34,22,4)),"") | R34: =IF(M34="Jump",15-BIN2DEC(MID($B34,26,4)),"") | S34: {=IF(M34="Control",INDEX(IC!A:A,1+BIN2DEC(MID($B34,21,4))),"")} | T34: {=IF(M34="Control",INDEX(EC!A:A,1+BIN2DEC(MID($B34,25,3))),"")} | U34: {=IF(M34="Control",INDEX(SR!A:A,1+BIN2DEC(MID($B34,28,2))),"")} | X34: AAS | AC34: 3f | AD34: 3f
A35: =DEC2HEX(ROW(A34)-ROW($A$1),3) -> 021 | B35: 01010100110000000001111010111 | F35: {=INDEX(Sources!A:A, 1 + BIN2DEC(LEFT($B35,5)))} -> UNK10 | G35: {=INDEX(Dest1!A:A,1+BIN2DEC(MID($B35,6,5)))} -> TMPB | H35: {=INDEX(Source2!A:A,1+BIN2DEC(MID($B35,11,4)))} -> -- | I35: {=INDEX('D2'!A:A,1+BIN2DEC(MID($B35,16,2)))} -> 0 | J35: =BIN2DEC(MID($B35,17,1)) -> 0 | K35: =BIN2DEC(MID($B35,18,1)) -> 0 | L35: =BIN2DEC(MID($B35,19,1)) -> 0 | M35: {=INDEX(Types!A:A,1+BIN2DEC(MID($B35,20,2)))} -> ALU | N35: {=IF(M35="ALU",INDEX(ALUOps!A:A,1+BIN2DEC(MID($B35,22,5))),"")} -> 26 | O35: {=IF(M35="ALU",INDEX(TMP!A:A,1+BIN2DEC(MID($B35,27,2))),"")} -> 3 | P35: =IF(M35="ALU",BIN2DEC(MID($B35,29,1)),"") -> 1 | Q35: =IF(M35="Jump",BIN2DEC(MID($B35,22,4)),"") | R35: =IF(M35="Jump",15-BIN2DEC(MID($B35,26,4)),"") | S35: {=IF(M35="Control",INDEX(IC!A:A,1+BIN2DEC(MID($B35,21,4))),"")} | T35: {=IF(M35="Control",INDEX(EC!A:A,1+BIN2DEC(MID($B35,25,3))),"")} | U35: {=IF(M35="Control",INDEX(SR!A:A,1+BIN2DEC(MID($B35,28,2))),"")}
A36: =DEC2HEX(ROW(A35)-ROW($A$1),3) -> 022 | B36: 01011101111011000101100110101 | F36: {=INDEX(Sources!A:A, 1 + BIN2DEC(LEFT($B36,5)))} -> SIGMA | G36: {=INDEX(Dest1!A:A,1+BIN2DEC(MID($B36,6,5)))} -> UNK23 | H36: {=INDEX(Source2!A:A,1+BIN2DEC(MID($B36,11,4)))} -> 11 | I36: {=INDEX('D2'!A:A,1+BIN2DEC(MID($B36,16,2)))} -> 0 | J36: =BIN2DEC(MID($B36,17,1)) -> 0 | K36: =BIN2DEC(MID($B36,18,1)) -> 1 | L36: =BIN2DEC(MID($B36,19,1)) -> 0 | M36: {=INDEX(Types!A:A,1+BIN2DEC(MID($B36,20,2)))} -> ALU | N36: {=IF(M36="ALU",INDEX(ALUOps!A:A,1+BIN2DEC(MID($B36,22,5))),"")} -> 6 | O36: {=IF(M36="ALU",INDEX(TMP!A:A,1+BIN2DEC(MID($B36,27,2))),"")} -> 2 | P36: =IF(M36="ALU",BIN2DEC(MID($B36,29,1)),"") -> 1 | Q36: =IF(M36="Jump",BIN2DEC(MID($B36,22,4)),"") | R36: =IF(M36="Jump",15-BIN2DEC(MID($B36,26,4)),"") | S36: {=IF(M36="Control",INDEX(IC!A:A,1+BIN2DEC(MID($B36,21,4))),"")} | T36: {=IF(M36="Control",INDEX(EC!A:A,1+BIN2DEC(MID($B36,25,3))),"")} | U36: {=IF(M36="Control",INDEX(SR!A:A,1+BIN2DEC(MID($B36,28,2))),"")}
A37: =DEC2HEX(ROW(A36)-ROW($A$1),3) -> 023 | B37: 01111100100000000001011101010 | F37: {=INDEX(Sources!A:A, 1 + BIN2DEC(LEFT($B37,5)))} -> AH | G37: {=INDEX(Dest1!A:A,1+BIN2DEC(MID($B37,6,5)))} -> TMPA | H37: {=INDEX(Source2!A:A,1+BIN2DEC(MID($B37,11,4)))} -> -- | I37: {=INDEX('D2'!A:A,1+BIN2DEC(MID($B37,16,2)))} -> 0 | J37: =BIN2DEC(MID($B37,17,1)) -> 0 | K37: =BIN2DEC(MID($B37,18,1)) -> 0 | L37: =BIN2DEC(MID($B37,19,1)) -> 0 | M37: {=INDEX(Types!A:A,1+BIN2DEC(MID($B37,20,2)))} -> Jump | N37: {=IF(M37="ALU",INDEX(ALUOps!A:A,1+BIN2DEC(MID($B37,22,5))),"")} | O37: {=IF(M37="ALU",INDEX(TMP!A:A,1+BIN2DEC(MID($B37,27,2))),"")} | P37: =IF(M37="ALU",BIN2DEC(MID($B37,29,1)),"") | Q37: =IF(M37="Jump",BIN2DEC(MID($B37,22,4)),"") -> 14 | R37: =IF(M37="Jump",15-BIN2DEC(MID($B37,26,4)),"") -> 5 | S37: {=IF(M37="Control",INDEX(IC!A:A,1+BIN2DEC(MID($B37,21,4))),"")} | T37: {=IF(M37="Control",INDEX(EC!A:A,1+BIN2DEC(MID($B37,25,3))),"")} | U37: {=IF(M37="Control",INDEX(SR!A:A,1+BIN2DEC(MID($B37,28,2))),"")}
A38: =DEC2HEX(ROW(A37)-ROW($A$1),3) -> 024 | B38: 01100100100000000011101001101 | C38: 00?.0100????.00 | D38: 00? | E38: 00 | F38: {=INDEX(Sources!A:A, 1 + BIN2DEC(LEFT($B38,5)))} -> OPR | G38: {=INDEX(Dest1!A:A,1+BIN2DEC(MID($B38,6,5)))} -> TMPA | H38: {=INDEX(Source2!A:A,1+BIN2DEC(MID($B38,11,4)))} -> -- | I38: {=INDEX('D2'!A:A,1+BIN2DEC(MID($B38,16,2)))} -> 0 | J38: =BIN2DEC(MID($B38,17,1)) -> 0 | K38: =BIN2DEC(MID($B38,18,1)) -> 0 | L38: =BIN2DEC(MID($B38,19,1)) -> 1 | M38: {=INDEX(Types!A:A,1+BIN2DEC(MID($B38,20,2)))} -> ALU | N38: {=IF(M38="ALU",INDEX(ALUOps!A:A,1+BIN2DEC(MID($B38,22,5))),"")} -> 9 | O38: {=IF(M38="ALU",INDEX(TMP!A:A,1+BIN2DEC(MID($B38,27,2))),"")} -> 2 | P38: =IF(M38="ALU",BIN2DEC(MID($B38,29,1)),"") -> 1 | Q38: =IF(M38="Jump",BIN2DEC(MID($B38,22,4)),"") | R38: =IF(M38="Jump",15-BIN2DEC(MID($B38,26,4)),"") | S38: {=IF(M38="Control",INDEX(IC!A:A,1+BIN2DEC(MID($B38,21,4))),"")} | T38: {=IF(M38="Control",INDEX(EC!A:A,1+BIN2DEC(MID($B38,25,3))),"")} | U38: {=IF(M38="Control",INDEX(SR!A:A,1+BIN2DEC(MID($B38,28,2))),"")} | X38: INC/DEC | AC38: 40-4f | AD38: 40,41,42,43,44,45,46,47,48,49,4a,4b,4c,4d,4e,4f
A39: =DEC2HEX(ROW(A38)-ROW($A$1),3) -> 025 | B39: 01011011000000000100000000000 | F39: {=INDEX(Sources!A:A, 1 + BIN2DEC(LEFT($B39,5)))} -> SIGMA | G39: {=INDEX(Dest1!A:A,1+BIN2DEC(MID($B39,6,5)))} -> OPR | H39: {=INDEX(Source2!A:A,1+BIN2DEC(MID($B39,11,4)))} -> -- | I39: {=INDEX('D2'!A:A,1+BIN2DEC(MID($B39,16,2)))} -> 0 | J39: =BIN2DEC(MID($B39,17,1)) -> 0 | K39: =BIN2DEC(MID($B39,18,1)) -> 1 | L39: =BIN2DEC(MID($B39,19,1)) -> 0 | M39: {=INDEX(Types!A:A,1+BIN2DEC(MID($B39,20,2)))} -> Control | N39: {=IF(M39="ALU",INDEX(ALUOps!A:A,1+BIN2DEC(MID($B39,22,5))),"")} | O39: {=IF(M39="ALU",INDEX(TMP!A:A,1+BIN2DEC(MID($B39,27,2))),"")} | P39: =IF(M39="ALU",BIN2DEC(MID($B39,29,1)),"") | Q39: =IF(M39="Jump",BIN2DEC(MID($B39,22,4)),"") | R39: =IF(M39="Jump",15-BIN2DEC(MID($B39,26,4)),"") | S39: {=IF(M39="Control",INDEX(IC!A:A,1+BIN2DEC(MID($B39,21,4))),"")} -> 0 | T39: {=IF(M39="Control",INDEX(EC!A:A,1+BIN2DEC(MID($B39,25,3))),"")} -> 0 | U39: {=IF(M39="Control",INDEX(SR!A:A,1+BIN2DEC(MID($B39,28,2))),"")} -> 0
A40: =DEC2HEX(ROW(A39)-ROW($A$1),3) -> 026 | B40: 00000000000000000000000000000 | G40: {=INDEX(Dest1!A:A,1+BIN2DEC(MID($B40,6,5)))} -> -- | H40: {=INDEX(Source2!A:A,1+BIN2DEC(MID($B40,11,4)))} -> -- | N40: {=IF(M40="ALU",INDEX(ALUOps!A:A,1+BIN2DEC(MID($B40,22,5))),"")} | O40: {=IF(M40="ALU",INDEX(TMP!A:A,1+BIN2DEC(MID($B40,27,2))),"")} | P40: =IF(M40="ALU",BIN2DEC(MID($B40,29,1)),"") | Q40: =IF(M40="Jump",BIN2DEC(MID($B40,22,4)),"") | R40: =IF(M40="Jump",15-BIN2DEC(MID($B40,26,4)),"") | S40: {=IF(M40="Control",INDEX(IC!A:A,1+BIN2DEC(MID($B40,21,4))),"")} | T40: {=IF(M40="Control",INDEX(EC!A:A,1+BIN2DEC(MID($B40,25,3))),"")} | U40: {=IF(M40="Control",INDEX(SR!A:A,1+BIN2DEC(MID($B40,28,2))),"")}
A41: =DEC2HEX(ROW(A40)-ROW($A$1),3) -> 027 | B41: 00000000000000000000000000000 | G41: {=INDEX(Dest1!A:A,1+BIN2DEC(MID($B41,6,5)))} -> -- | H41: {=INDEX(Source2!A:A,1+BIN2DEC(MID($B41,11,4)))} -> -- | N41: {=IF(M41="ALU",INDEX(ALUOps!A:A,1+BIN2DEC(MID($B41,22,5))),"")} | O41: {=IF(M41="ALU",INDEX(TMP!A:A,1+BIN2DEC(MID($B41,27,2))),"")} | P41: =IF(M41="ALU",BIN2DEC(MID($B41,29,1)),"") | Q41: =IF(M41="Jump",BIN2DEC(MID($B41,22,4)),"") | R41: =IF(M41="Jump",15-BIN2DEC(MID($B41,26,4)),"") | S41: {=IF(M41="Control",INDEX(IC!A:A,1+BIN2DEC(MID($B41,21,4))),"")} | T41: {=IF(M41="Control",INDEX(EC!A:A,1+BIN2DEC(MID($B41,25,3))),"")} | U41: {=IF(M41="Control",INDEX(SR!A:A,1+BIN2DEC(MID($B41,28,2))),"")}
A42: =DEC2HEX(ROW(A41)-ROW($A$1),3) -> 028 | B42: 00011100100000000001100010101 | C42: 00?.01010???.00 | D42: 00? | E42: 00 | F42: {=INDEX(Sources!A:A, 1 + BIN2DEC(LEFT($B42,5)))} -> SP | G42: {=INDEX(Dest1!A:A,1+BIN2DEC(MID($B42,6,5)))} -> TMPA | H42: {=INDEX(Source2!A:A,1+BIN2DEC(MID($B42,11,4)))} -> -- | I42: {=INDEX('D2'!A:A,1+BIN2DEC(MID($B42,16,2)))} -> 0 | J42: =BIN2DEC(MID($B42,17,1)) -> 0 | K42: =BIN2DEC(MID($B42,18,1)) -> 0 | L42: =BIN2DEC(MID($B42,19,1)) -> 0 | M42: {=INDEX(Types!A:A,1+BIN2DEC(MID($B42,20,2)))} -> ALU | N42: {=IF(M42="ALU",INDEX(ALUOps!A:A,1+BIN2DEC(MID($B42,22,5))),"")} -> 2 | O42: {=IF(M42="ALU",INDEX(TMP!A:A,1+BIN2DEC(MID($B42,27,2))),"")} -> 2 | P42: =IF(M42="ALU",BIN2DEC(MID($B42,29,1)),"") -> 1 | Q42: =IF(M42="Jump",BIN2DEC(MID($B42,22,4)),"") | R42: =IF(M42="Jump",15-BIN2DEC(MID($B42,26,4)),"") | S42: {=IF(M42="Control",INDEX(IC!A:A,1+BIN2DEC(MID($B42,21,4))),"")} | T42: {=IF(M42="Control",INDEX(EC!A:A,1+BIN2DEC(MID($B42,25,3))),"")} | U42: {=IF(M42="Control",INDEX(SR!A:A,1+BIN2DEC(MID($B42,28,2))),"")} | X42: PUSH rw | AC42: 50-57 | AD42: 50,51,52,53,54,55,56,57
A43: =DEC2HEX(ROW(A42)-ROW($A$1),3) -> 029 | B43: 01011000111011010010000010101 | F43: {=INDEX(Sources!A:A, 1 + BIN2DEC(LEFT($B43,5)))} -> SIGMA | G43: {=INDEX(Dest1!A:A,1+BIN2DEC(MID($B43,6,5)))} -> SP | H43: {=INDEX(Source2!A:A,1+BIN2DEC(MID($B43,11,4)))} -> 11 | I43: {=INDEX('D2'!A:A,1+BIN2DEC(MID($B43,16,2)))} -> TMPB | J43: =BIN2DEC(MID($B43,17,1)) -> 0 | K43: =BIN2DEC(MID($B43,18,1)) -> 0 | L43: =BIN2DEC(MID($B43,19,1)) -> 1 | M43: {=INDEX(Types!A:A,1+BIN2DEC(MID($B43,20,2)))} -> Control | N43: {=IF(M43="ALU",INDEX(ALUOps!A:A,1+BIN2DEC(MID($B43,22,5))),"")} | O43: {=IF(M43="ALU",INDEX(TMP!A:A,1+BIN2DEC(MID($B43,27,2))),"")} | P43: =IF(M43="ALU",BIN2DEC(MID($B43,29,1)),"") | Q43: =IF(M43="Jump",BIN2DEC(MID($B43,22,4)),"") | R43: =IF(M43="Jump",15-BIN2DEC(MID($B43,26,4)),"") | S43: {=IF(M43="Control",INDEX(IC!A:A,1+BIN2DEC(MID($B43,21,4))),"")} -> 0 | T43: {=IF(M43="Control",INDEX(EC!A:A,1+BIN2DEC(MID($B43,25,3))),"")} -> 5 | U43: {=IF(M43="Control",INDEX(SR!A:A,1+BIN2DEC(MID($B43,28,2))),"")} -> 1
A44: =DEC2HEX(ROW(A43)-ROW($A$1),3) -> 02A | B44: 01100110010000000000000000000 | F44: {=INDEX(Sources!A:A, 1 + BIN2DEC(LEFT($B44,5)))} -> OPR | G44: {=INDEX(Dest1!A:A,1+BIN2DEC(MID($B44,6,5)))} -> OUT | H44: {=INDEX(Source2!A:A,1+BIN2DEC(MID($B44,11,4)))} -> -- | I44: {=INDEX('D2'!A:A,1+BIN2DEC(MID($B44,16,2)))} -> 0 | J44: =BIN2DEC(MID($B44,17,1)) -> 0 | K44: =BIN2DEC(MID($B44,18,1)) -> 0 | L44: =BIN2DEC(MID($B44,19,1)) -> 0 | M44: {=INDEX(Types!A:A,1+BIN2DEC(MID($B44,20,2)))} -> Control | N44: {=IF(M44="ALU",INDEX(ALUOps!A:A,1+BIN2DEC(MID($B44,22,5))),"")} | O44: {=IF(M44="ALU",INDEX(TMP!A:A,1+BIN2DEC(MID($B44,27,2))),"")} | P44: =IF(M44="ALU",BIN2DEC(MID($B44,29,1)),"") | Q44: =IF(M44="Jump",BIN2DEC(MID($B44,22,4)),"") | R44: =IF(M44="Jump",15-BIN2DEC(MID($B44,26,4)),"") | S44: {=IF(M44="Control",INDEX(IC!A:A,1+BIN2DEC(MID($B44,21,4))),"")} -> 0 | T44: {=IF(M44="Control",INDEX(EC!A:A,1+BIN2DEC(MID($B44,25,3))),"")} -> 0 | U44: {=IF(M44="Control",INDEX(SR!A:A,1+BIN2DEC(MID($B44,28,2))),"")} -> 0
A45: =DEC2HEX(ROW(A44)-ROW($A$1),3) -> 02B | B45: 00000000000000000000000000000 | G45: {=INDEX(Dest1!A:A,1+BIN2DEC(MID($B45,6,5)))} -> -- | H45: {=INDEX(Source2!A:A,1+BIN2DEC(MID($B45,11,4)))} -> -- | N45: {=IF(M45="ALU",INDEX(ALUOps!A:A,1+BIN2DEC(MID($B45,22,5))),"")} | O45: {=IF(M45="ALU",INDEX(TMP!A:A,1+BIN2DEC(MID($B45,27,2))),"")} | P45: =IF(M45="ALU",BIN2DEC(MID($B45,29,1)),"") | Q45: =IF(M45="Jump",BIN2DEC(MID($B45,22,4)),"") | R45: =IF(M45="Jump",15-BIN2DEC(MID($B45,26,4)),"") | S45: {=IF(M45="Control",INDEX(IC!A:A,1+BIN2DEC(MID($B45,21,4))),"")} | T45: {=IF(M45="Control",INDEX(EC!A:A,1+BIN2DEC(MID($B45,25,3))),"")} | U45: {=IF(M45="Control",INDEX(SR!A:A,1+BIN2DEC(MID($B45,28,2))),"")}
A46: =DEC2HEX(ROW(A45)-ROW($A$1),3) -> 02C | B46: 00011110100000000000000011001 | C46: 00?.01011???.00 | D46: 00? | E46: 00 | F46: {=INDEX(Sources!A:A, 1 + BIN2DEC(LEFT($B46,5)))} -> SP | G46: {=INDEX(Dest1!A:A,1+BIN2DEC(MID($B46,6,5)))} -> UNK26 | H46: {=INDEX(Source2!A:A,1+BIN2DEC(MID($B46,11,4)))} -> -- | I46: {=INDEX('D2'!A:A,1+BIN2DEC(MID($B46,16,2)))} -> 0 | J46: =BIN2DEC(MID($B46,17,1)) -> 0 | K46: =BIN2DEC(MID($B46,18,1)) -> 0 | L46: =BIN2DEC(MID($B46,19,1)) -> 0 | M46: {=INDEX(Types!A:A,1+BIN2DEC(MID($B46,20,2)))} -> Control | N46: {=IF(M46="ALU",INDEX(ALUOps!A:A,1+BIN2DEC(MID($B46,22,5))),"")} | O46: {=IF(M46="ALU",INDEX(TMP!A:A,1+BIN2DEC(MID($B46,27,2))),"")} | P46: =IF(M46="ALU",BIN2DEC(MID($B46,29,1)),"") | Q46: =IF(M46="Jump",BIN2DEC(MID($B46,22,4)),"") | R46: =IF(M46="Jump",15-BIN2DEC(MID($B46,26,4)),"") | S46: {=IF(M46="Control",INDEX(IC!A:A,1+BIN2DEC(MID($B46,21,4))),"")} -> 0 | T46: {=IF(M46="Control",INDEX(EC!A:A,1+BIN2DEC(MID($B46,25,3))),"")} -> 6 | U46: {=IF(M46="Control",INDEX(SR!A:A,1+BIN2DEC(MID($B46,28,2))),"")} -> 1 | X46: POP rw | AC46: 58-5f | AD46: 58,59,5a,5b,5c,5d,5e,5f
A47: =DEC2HEX(ROW(A46)-ROW($A$1),3) -> 02D | B47: 00011100100000000001100011101 | F47: {=INDEX(Sources!A:A, 1 + BIN2DEC(LEFT($B47,5)))} -> SP | G47: {=INDEX(Dest1!A:A,1+BIN2DEC(MID($B47,6,5)))} -> TMPA | H47: {=INDEX(Source2!A:A,1+BIN2DEC(MID($B47,11,4)))} -> -- | I47: {=INDEX('D2'!A:A,1+BIN2DEC(MID($B47,16,2)))} -> 0 | J47: =BIN2DEC(MID($B47,17,1)) -> 0 | K47: =BIN2DEC(MID($B47,18,1)) -> 0 | L47: =BIN2DEC(MID($B47,19,1)) -> 0 | M47: {=INDEX(Types!A:A,1+BIN2DEC(MID($B47,20,2)))} -> ALU | N47: {=IF(M47="ALU",INDEX(ALUOps!A:A,1+BIN2DEC(MID($B47,22,5))),"")} -> 3 | O47: {=IF(M47="ALU",INDEX(TMP!A:A,1+BIN2DEC(MID($B47,27,2))),"")} -> 2 | P47: =IF(M47="ALU",BIN2DEC(MID($B47,29,1)),"") -> 1 | Q47: =IF(M47="Jump",BIN2DEC(MID($B47,22,4)),"") | R47: =IF(M47="Jump",15-BIN2DEC(MID($B47,26,4)),"") | S47: {=IF(M47="Control",INDEX(IC!A:A,1+BIN2DEC(MID($B47,21,4))),"")} | T47: {=IF(M47="Control",INDEX(EC!A:A,1+BIN2DEC(MID($B47,25,3))),"")} | U47: {=IF(M47="Control",INDEX(SR!A:A,1+BIN2DEC(MID($B47,28,2))),"")}
A48: =DEC2HEX(ROW(A47)-ROW($A$1),3) -> 02E | B48: 01011000110000000000000000000 | F48: {=INDEX(Sources!A:A, 1 + BIN2DEC(LEFT($B48,5)))} -> SIGMA | G48: {=INDEX(Dest1!A:A,1+BIN2DEC(MID($B48,6,5)))} -> SP | H48: {=INDEX(Source2!A:A,1+BIN2DEC(MID($B48,11,4)))} -> -- | I48: {=INDEX('D2'!A:A,1+BIN2DEC(MID($B48,16,2)))} -> 0 | J48: =BIN2DEC(MID($B48,17,1)) -> 0 | K48: =BIN2DEC(MID($B48,18,1)) -> 0 | L48: =BIN2DEC(MID($B48,19,1)) -> 0 | M48: {=INDEX(Types!A:A,1+BIN2DEC(MID($B48,20,2)))} -> Control | N48: {=IF(M48="ALU",INDEX(ALUOps!A:A,1+BIN2DEC(MID($B48,22,5))),"")} | O48: {=IF(M48="ALU",INDEX(TMP!A:A,1+BIN2DEC(MID($B48,27,2))),"")} | P48: =IF(M48="ALU",BIN2DEC(MID($B48,29,1)),"") | Q48: =IF(M48="Jump",BIN2DEC(MID($B48,22,4)),"") | R48: =IF(M48="Jump",15-BIN2DEC(MID($B48,26,4)),"") | S48: {=IF(M48="Control",INDEX(IC!A:A,1+BIN2DEC(MID($B48,21,4))),"")} -> 0 | T48: {=IF(M48="Control",INDEX(EC!A:A,1+BIN2DEC(MID($B48,25,3))),"")} -> 0 | U48: {=IF(M48="Control",INDEX(SR!A:A,1+BIN2DEC(MID($B48,28,2))),"")} -> 0
A49: =DEC2HEX(ROW(A48)-ROW($A$1),3) -> 02F | B49: 11001011000000001010000000000 | F49: {=INDEX(Sources!A:A, 1 + BIN2DEC(LEFT($B49,5)))} -> OUT | G49: {=INDEX(Dest1!A:A,1+BIN2DEC(MID($B49,6,5)))} -> OPR | H49: {=INDEX(Source2!A:A,1+BIN2DEC(MID($B49,11,4)))} -> -- | I49: {=INDEX('D2'!A:A,1+BIN2DEC(MID($B49,16,2)))} -> 1 | J49: =BIN2DEC(MID($B49,17,1)) -> 1 | K49: =BIN2DEC(MID($B49,18,1)) -> 0 | L49: =BIN2DEC(MID($B49,19,1)) -> 1 | M49: {=INDEX(Types!A:A,1+BIN2DEC(MID($B49,20,2)))} -> Control | N49: {=IF(M49="ALU",INDEX(ALUOps!A:A,1+BIN2DEC(MID($B49,22,5))),"")} | O49: {=IF(M49="ALU",INDEX(TMP!A:A,1+BIN2DEC(MID($B49,27,2))),"")} | P49: =IF(M49="ALU",BIN2DEC(MID($B49,29,1)),"") | Q49: =IF(M49="Jump",BIN2DEC(MID($B49,22,4)),"") | R49: =IF(M49="Jump",15-BIN2DEC(MID($B49,26,4)),"") | S49: {=IF(M49="Control",INDEX(IC!A:A,1+BIN2DEC(MID($B49,21,4))),"")} -> 0 | T49: {=IF(M49="Control",INDEX(EC!A:A,1+BIN2DEC(MID($B49,25,3))),"")} -> 0 | U49: {=IF(M49="Control",INDEX(SR!A:A,1+BIN2DEC(MID($B49,28,2))),"")} -> 0
A50: =DEC2HEX(ROW(A49)-ROW($A$1),3) -> 030 | B50: 00000000000000000010000000000 | C50: 00?.0110011?.00 | D50: 00? | E50: 00 | F50: {=INDEX(Sources!A:A, 1 + BIN2DEC(LEFT($B50,5)))} -> -- | G50: {=INDEX(Dest1!A:A,1+BIN2DEC(MID($B50,6,5)))} -> -- | H50: {=INDEX(Source2!A:A,1+BIN2DEC(MID($B50,11,4)))} -> -- | I50: {=INDEX('D2'!A:A,1+BIN2DEC(MID($B50,16,2)))} -> 0 | J50: =BIN2DEC(MID($B50,17,1)) -> 0 | K50: =BIN2DEC(MID($B50,18,1)) -> 0 | L50: =BIN2DEC(MID($B50,19,1)) -> 1 | M50: {=INDEX(Types!A:A,1+BIN2DEC(MID($B50,20,2)))} -> Control | N50: {=IF(M50="ALU",INDEX(ALUOps!A:A,1+BIN2DEC(MID($B50,22,5))),"")} | O50: {=IF(M50="ALU",INDEX(TMP!A:A,1+BIN2DEC(MID($B50,27,2))),"")} | P50: =IF(M50="ALU",BIN2DEC(MID($B50,29,1)),"") | Q50: =IF(M50="Jump",BIN2DEC(MID($B50,22,4)),"") | R50: =IF(M50="Jump",15-BIN2DEC(MID($B50,26,4)),"") | S50: {=IF(M50="Control",INDEX(IC!A:A,1+BIN2DEC(MID($B50,21,4))),"")} -> 0 | T50: {=IF(M50="Control",INDEX(EC!A:A,1+BIN2DEC(MID($B50,25,3))),"")} -> 0 | U50: {=IF(M50="Control",INDEX(SR!A:A,1+BIN2DEC(MID($B50,28,2))),"")} -> 0 | X50: ESC2 | AC50: 66,67 | AD50: 66,67
A51: =DEC2HEX(ROW(A50)-ROW($A$1),3) -> 031 | B51: 00000000000000000000000000000 | G51: {=INDEX(Dest1!A:A,1+BIN2DEC(MID($B51,6,5)))} -> -- | H51: {=INDEX(Source2!A:A,1+BIN2DEC(MID($B51,11,4)))} -> -- | N51: {=IF(M51="ALU",INDEX(ALUOps!A:A,1+BIN2DEC(MID($B51,22,5))),"")} | O51: {=IF(M51="ALU",INDEX(TMP!A:A,1+BIN2DEC(MID($B51,27,2))),"")} | P51: =IF(M51="ALU",BIN2DEC(MID($B51,29,1)),"") | Q51: =IF(M51="Jump",BIN2DEC(MID($B51,22,4)),"") | R51: =IF(M51="Jump",15-BIN2DEC(MID($B51,26,4)),"") | S51: {=IF(M51="Control",INDEX(IC!A:A,1+BIN2DEC(MID($B51,21,4))),"")} | T51: {=IF(M51="Control",INDEX(EC!A:A,1+BIN2DEC(MID($B51,25,3))),"")} | U51: {=IF(M51="Control",INDEX(SR!A:A,1+BIN2DEC(MID($B51,28,2))),"")}
A52: =DEC2HEX(ROW(A51)-ROW($A$1),3) -> 032 | B52: 00000000000000000000000000000 | G52: {=INDEX(Dest1!A:A,1+BIN2DEC(MID($B52,6,5)))} -> -- | H52: {=INDEX(Source2!A:A,1+BIN2DEC(MID($B52,11,4)))} -> -- | N52: {=IF(M52="ALU",INDEX(ALUOps!A:A,1+BIN2DEC(MID($B52,22,5))),"")} | O52: {=IF(M52="ALU",INDEX(TMP!A:A,1+BIN2DEC(MID($B52,27,2))),"")} | P52: =IF(M52="ALU",BIN2DEC(MID($B52,29,1)),"") | Q52: =IF(M52="Jump",BIN2DEC(MID($B52,22,4)),"") | R52: =IF(M52="Jump",15-BIN2DEC(MID($B52,26,4)),"") | S52: {=IF(M52="Control",INDEX(IC!A:A,1+BIN2DEC(MID($B52,21,4))),"")} | T52: {=IF(M52="Control",INDEX(EC!A:A,1+BIN2DEC(MID($B52,25,3))),"")} | U52: {=IF(M52="Control",INDEX(SR!A:A,1+BIN2DEC(MID($B52,28,2))),"")}
A53: =DEC2HEX(ROW(A52)-ROW($A$1),3) -> 033 | B53: 00000000000000000000000000000 | G53: {=INDEX(Dest1!A:A,1+BIN2DEC(MID($B53,6,5)))} -> -- | H53: {=INDEX(Source2!A:A,1+BIN2DEC(MID($B53,11,4)))} -> -- | N53: {=IF(M53="ALU",INDEX(ALUOps!A:A,1+BIN2DEC(MID($B53,22,5))),"")} | O53: {=IF(M53="ALU",INDEX(TMP!A:A,1+BIN2DEC(MID($B53,27,2))),"")} | P53: =IF(M53="ALU",BIN2DEC(MID($B53,29,1)),"") | Q53: =IF(M53="Jump",BIN2DEC(MID($B53,22,4)),"") | R53: =IF(M53="Jump",15-BIN2DEC(MID($B53,26,4)),"") | S53: {=IF(M53="Control",INDEX(IC!A:A,1+BIN2DEC(MID($B53,21,4))),"")} | T53: {=IF(M53="Control",INDEX(EC!A:A,1+BIN2DEC(MID($B53,25,3))),"")} | U53: {=IF(M53="Control",INDEX(SR!A:A,1+BIN2DEC(MID($B53,28,2))),"")}
A54: =DEC2HEX(ROW(A53)-ROW($A$1),3) -> 034 | B54: 11000010100000000001111111111 | C54: 00?.0111????.00 | D54: 00? | E54: 00 | F54: {=INDEX(Sources!A:A, 1 + BIN2DEC(LEFT($B54,5)))} -> Q | G54: {=INDEX(Dest1!A:A,1+BIN2DEC(MID($B54,6,5)))} -> UNK10 | H54: {=INDEX(Source2!A:A,1+BIN2DEC(MID($B54,11,4)))} -> -- | I54: {=INDEX('D2'!A:A,1+BIN2DEC(MID($B54,16,2)))} -> 0 | J54: =BIN2DEC(MID($B54,17,1)) -> 0 | K54: =BIN2DEC(MID($B54,18,1)) -> 0 | L54: =BIN2DEC(MID($B54,19,1)) -> 0 | M54: {=INDEX(Types!A:A,1+BIN2DEC(MID($B54,20,2)))} -> ALU | N54: {=IF(M54="ALU",INDEX(ALUOps!A:A,1+BIN2DEC(MID($B54,22,5))),"")} -> 31 | O54: {=IF(M54="ALU",INDEX(TMP!A:A,1+BIN2DEC(MID($B54,27,2))),"")} -> 3 | P54: =IF(M54="ALU",BIN2DEC(MID($B54,29,1)),"") -> 1 | Q54: =IF(M54="Jump",BIN2DEC(MID($B54,22,4)),"") | R54: =IF(M54="Jump",15-BIN2DEC(MID($B54,26,4)),"") | S54: {=IF(M54="Control",INDEX(IC!A:A,1+BIN2DEC(MID($B54,21,4))),"")} | T54: {=IF(M54="Control",INDEX(EC!A:A,1+BIN2DEC(MID($B54,25,3))),"")} | U54: {=IF(M54="Control",INDEX(SR!A:A,1+BIN2DEC(MID($B54,28,2))),"")} | X54: Jxx rel8 | AC54: 70-7f | AD54: 70,71,72,73,74,75,76,77,78,79,7a,7b,7c,7d,7e,7f
A55: =DEC2HEX(ROW(A54)-ROW($A$1),3) -> 035 | B55: 00000000000000000001000001011 | F55: {=INDEX(Sources!A:A, 1 + BIN2DEC(LEFT($B55,5)))} -> -- | G55: {=INDEX(Dest1!A:A,1+BIN2DEC(MID($B55,6,5)))} -> -- | H55: {=INDEX(Source2!A:A,1+BIN2DEC(MID($B55,11,4)))} -> -- | I55: {=INDEX('D2'!A:A,1+BIN2DEC(MID($B55,16,2)))} -> 0 | J55: =BIN2DEC(MID($B55,17,1)) -> 0 | K55: =BIN2DEC(MID($B55,18,1)) -> 0 | L55: =BIN2DEC(MID($B55,19,1)) -> 0 | M55: {=INDEX(Types!A:A,1+BIN2DEC(MID($B55,20,2)))} -> Jump | N55: {=IF(M55="ALU",INDEX(ALUOps!A:A,1+BIN2DEC(MID($B55,22,5))),"")} | O55: {=IF(M55="ALU",INDEX(TMP!A:A,1+BIN2DEC(MID($B55,27,2))),"")} | P55: =IF(M55="ALU",BIN2DEC(MID($B55,29,1)),"") | Q55: =IF(M55="Jump",BIN2DEC(MID($B55,22,4)),"") -> 0 | R55: =IF(M55="Jump",15-BIN2DEC(MID($B55,26,4)),"") -> 4 | S55: {=IF(M55="Control",INDEX(IC!A:A,1+BIN2DEC(MID($B55,21,4))),"")} | T55: {=IF(M55="Control",INDEX(EC!A:A,1+BIN2DEC(MID($B55,25,3))),"")} | U55: {=IF(M55="Control",INDEX(SR!A:A,1+BIN2DEC(MID($B55,28,2))),"")}
A56: =DEC2HEX(ROW(A55)-ROW($A$1),3) -> 036 | B56: 00000000000000000010000000000 | F56: {=INDEX(Sources!A:A, 1 + BIN2DEC(LEFT($B56,5)))} -> -- | G56: {=INDEX(Dest1!A:A,1+BIN2DEC(MID($B56,6,5)))} -> -- | H56: {=INDEX(Source2!A:A,1+BIN2DEC(MID($B56,11,4)))} -> -- | I56: {=INDEX('D2'!A:A,1+BIN2DEC(MID($B56,16,2)))} -> 0 | J56: =BIN2DEC(MID($B56,17,1)) -> 0 | K56: =BIN2DEC(MID($B56,18,1)) -> 0 | L56: =BIN2DEC(MID($B56,19,1)) -> 1 | M56: {=INDEX(Types!A:A,1+BIN2DEC(MID($B56,20,2)))} -> Control | N56: {=IF(M56="ALU",INDEX(ALUOps!A:A,1+BIN2DEC(MID($B56,22,5))),"")} | O56: {=IF(M56="ALU",INDEX(TMP!A:A,1+BIN2DEC(MID($B56,27,2))),"")} | P56: =IF(M56="ALU",BIN2DEC(MID($B56,29,1)),"") | Q56: =IF(M56="Jump",BIN2DEC(MID($B56,22,4)),"") | R56: =IF(M56="Jump",15-BIN2DEC(MID($B56,26,4)),"") | S56: {=IF(M56="Control",INDEX(IC!A:A,1+BIN2DEC(MID($B56,21,4))),"")} -> 0 | T56: {=IF(M56="Control",INDEX(EC!A:A,1+BIN2DEC(MID($B56,25,3))),"")} -> 0 | U56: {=IF(M56="Control",INDEX(SR!A:A,1+BIN2DEC(MID($B56,28,2))),"")} -> 0
A57: =DEC2HEX(ROW(A56)-ROW($A$1),3) -> 037 | B57: 00000000000000000000000000000 | F57: {=INDEX(Sources!A:A, 1 + BIN2DEC(LEFT($B57,5)))} -> -- | G57: {=INDEX(Dest1!A:A,1+BIN2DEC(MID($B57,6,5)))} -> -- | H57: {=INDEX(Source2!A:A,1+BIN2DEC(MID($B57,11,4)))} -> -- | I57: {=INDEX('D2'!A:A,1+BIN2DEC(MID($B57,16,2)))} -> 0 | J57: =BIN2DEC(MID($B57,17,1)) -> 0 | K57: =BIN2DEC(MID($B57,18,1)) -> 0 | L57: =BIN2DEC(MID($B57,19,1)) -> 0 | M57: {=INDEX(Types!A:A,1+BIN2DEC(MID($B57,20,2)))} -> Control | N57: {=IF(M57="ALU",INDEX(ALUOps!A:A,1+BIN2DEC(MID($B57,22,5))),"")} | O57: {=IF(M57="ALU",INDEX(TMP!A:A,1+BIN2DEC(MID($B57,27,2))),"")} | P57: =IF(M57="ALU",BIN2DEC(MID($B57,29,1)),"") | Q57: =IF(M57="Jump",BIN2DEC(MID($B57,22,4)),"") | R57: =IF(M57="Jump",15-BIN2DEC(MID($B57,26,4)),"") | S57: {=IF(M57="Control",INDEX(IC!A:A,1+BIN2DEC(MID($B57,21,4))),"")} -> 0 | T57: {=IF(M57="Control",INDEX(EC!A:A,1+BIN2DEC(MID($B57,25,3))),"")} -> 0 | U57: {=IF(M57="Control",INDEX(SR!A:A,1+BIN2DEC(MID($B57,28,2))),"")} -> 0
A58: =DEC2HEX(ROW(A57)-ROW($A$1),3) -> 038 | B58: 11011100110000000000011100000 | C58: 00?.0111????.01 | D58: 00? | E58: 01 | F58: {=INDEX(Sources!A:A, 1 + BIN2DEC(LEFT($B58,5)))} -> UNK27 | G58: {=INDEX(Dest1!A:A,1+BIN2DEC(MID($B58,6,5)))} -> TMPB | H58: {=INDEX(Source2!A:A,1+BIN2DEC(MID($B58,11,4)))} -> -- | I58: {=INDEX('D2'!A:A,1+BIN2DEC(MID($B58,16,2)))} -> 0 | J58: =BIN2DEC(MID($B58,17,1)) -> 0 | K58: =BIN2DEC(MID($B58,18,1)) -> 0 | L58: =BIN2DEC(MID($B58,19,1)) -> 0 | M58: {=INDEX(Types!A:A,1+BIN2DEC(MID($B58,20,2)))} -> Control | N58: {=IF(M58="ALU",INDEX(ALUOps!A:A,1+BIN2DEC(MID($B58,22,5))),"")} | O58: {=IF(M58="ALU",INDEX(TMP!A:A,1+BIN2DEC(MID($B58,27,2))),"")} | P58: =IF(M58="ALU",BIN2DEC(MID($B58,29,1)),"") | Q58: =IF(M58="Jump",BIN2DEC(MID($B58,22,4)),"") | R58: =IF(M58="Jump",15-BIN2DEC(MID($B58,26,4)),"") | S58: {=IF(M58="Control",INDEX(IC!A:A,1+BIN2DEC(MID($B58,21,4))),"")} -> 7 | T58: {=IF(M58="Control",INDEX(EC!A:A,1+BIN2DEC(MID($B58,25,3))),"")} -> 0 | U58: {=IF(M58="Control",INDEX(SR!A:A,1+BIN2DEC(MID($B58,28,2))),"")} -> 0 | AD58: 70,71,72,73,74,75,76,77,78,79,7a,7b,7c,7d,7e,7f
A59: =DEC2HEX(ROW(A58)-ROW($A$1),3) -> 039 | B59: 01011110110000000010011000000 | F59: {=INDEX(Sources!A:A, 1 + BIN2DEC(LEFT($B59,5)))} -> SIGMA | G59: {=INDEX(Dest1!A:A,1+BIN2DEC(MID($B59,6,5)))} -> PC | H59: {=INDEX(Source2!A:A,1+BIN2DEC(MID($B59,11,4)))} -> -- | I59: {=INDEX('D2'!A:A,1+BIN2DEC(MID($B59,16,2)))} -> 0 | J59: =BIN2DEC(MID($B59,17,1)) -> 0 | K59: =BIN2DEC(MID($B59,18,1)) -> 0 | L59: =BIN2DEC(MID($B59,19,1)) -> 1 | M59: {=INDEX(Types!A:A,1+BIN2DEC(MID($B59,20,2)))} -> Control | N59: {=IF(M59="ALU",INDEX(ALUOps!A:A,1+BIN2DEC(MID($B59,22,5))),"")} | O59: {=IF(M59="ALU",INDEX(TMP!A:A,1+BIN2DEC(MID($B59,27,2))),"")} | P59: =IF(M59="ALU",BIN2DEC(MID($B59,29,1)),"") | Q59: =IF(M59="Jump",BIN2DEC(MID($B59,22,4)),"") | R59: =IF(M59="Jump",15-BIN2DEC(MID($B59,26,4)),"") | S59: {=IF(M59="Control",INDEX(IC!A:A,1+BIN2DEC(MID($B59,21,4))),"")} -> 6 | T59: {=IF(M59="Control",INDEX(EC!A:A,1+BIN2DEC(MID($B59,25,3))),"")} -> 0 | U59: {=IF(M59="Control",INDEX(SR!A:A,1+BIN2DEC(MID($B59,28,2))),"")} -> 0
A60: =DEC2HEX(ROW(A59)-ROW($A$1),3) -> 03A | B60: 00000000000000000000000000000 | F60: {=INDEX(Sources!A:A, 1 + BIN2DEC(LEFT($B60,5)))} -> -- | G60: {=INDEX(Dest1!A:A,1+BIN2DEC(MID($B60,6,5)))} -> -- | H60: {=INDEX(Source2!A:A,1+BIN2DEC(MID($B60,11,4)))} -> -- | I60: {=INDEX('D2'!A:A,1+BIN2DEC(MID($B60,16,2)))} -> 0 | J60: =BIN2DEC(MID($B60,17,1)) -> 0 | K60: =BIN2DEC(MID($B60,18,1)) -> 0 | L60: =BIN2DEC(MID($B60,19,1)) -> 0 | M60: {=INDEX(Types!A:A,1+BIN2DEC(MID($B60,20,2)))} -> Control | N60: {=IF(M60="ALU",INDEX(ALUOps!A:A,1+BIN2DEC(MID($B60,22,5))),"")} | O60: {=IF(M60="ALU",INDEX(TMP!A:A,1+BIN2DEC(MID($B60,27,2))),"")} | P60: =IF(M60="ALU",BIN2DEC(MID($B60,29,1)),"") | Q60: =IF(M60="Jump",BIN2DEC(MID($B60,22,4)),"") | R60: =IF(M60="Jump",15-BIN2DEC(MID($B60,26,4)),"") | S60: {=IF(M60="Control",INDEX(IC!A:A,1+BIN2DEC(MID($B60,21,4))),"")} -> 0 | T60: {=IF(M60="Control",INDEX(EC!A:A,1+BIN2DEC(MID($B60,25,3))),"")} -> 0 | U60: {=IF(M60="Control",INDEX(SR!A:A,1+BIN2DEC(MID($B60,28,2))),"")} -> 0
A61: =DEC2HEX(ROW(A60)-ROW($A$1),3) -> 03B | B61: 00000000000000000000000000000 | F61: {=INDEX(Sources!A:A, 1 + BIN2DEC(LEFT($B61,5)))} -> -- | G61: {=INDEX(Dest1!A:A,1+BIN2DEC(MID($B61,6,5)))} -> -- | H61: {=INDEX(Source2!A:A,1+BIN2DEC(MID($B61,11,4)))} -> -- | I61: {=INDEX('D2'!A:A,1+BIN2DEC(MID($B61,16,2)))} -> 0 | J61: =BIN2DEC(MID($B61,17,1)) -> 0 | K61: =BIN2DEC(MID($B61,18,1)) -> 0 | L61: =BIN2DEC(MID($B61,19,1)) -> 0 | M61: {=INDEX(Types!A:A,1+BIN2DEC(MID($B61,20,2)))} -> Control | N61: {=IF(M61="ALU",INDEX(ALUOps!A:A,1+BIN2DEC(MID($B61,22,5))),"")} | O61: {=IF(M61="ALU",INDEX(TMP!A:A,1+BIN2DEC(MID($B61,27,2))),"")} | P61: =IF(M61="ALU",BIN2DEC(MID($B61,29,1)),"") | Q61: =IF(M61="Jump",BIN2DEC(MID($B61,22,4)),"") | R61: =IF(M61="Jump",15-BIN2DEC(MID($B61,26,4)),"") | S61: {=IF(M61="Control",INDEX(IC!A:A,1+BIN2DEC(MID($B61,21,4))),"")} -> 0 | T61: {=IF(M61="Control",INDEX(EC!A:A,1+BIN2DEC(MID($B61,25,3))),"")} -> 0 | U61: {=IF(M61="Control",INDEX(SR!A:A,1+BIN2DEC(MID($B61,28,2))),"")} -> 0
A62: =DEC2HEX(ROW(A61)-ROW($A$1),3) -> 03C | B62: 11000010100000000001010001101 | C62: 00?.100000??.00 | D62: 00? | E62: 00 | F62: {=INDEX(Sources!A:A, 1 + BIN2DEC(LEFT($B62,5)))} -> Q | G62: {=INDEX(Dest1!A:A,1+BIN2DEC(MID($B62,6,5)))} -> UNK10 | H62: {=INDEX(Source2!A:A,1+BIN2DEC(MID($B62,11,4)))} -> -- | I62: {=INDEX('D2'!A:A,1+BIN2DEC(MID($B62,16,2)))} -> 0 | J62: =BIN2DEC(MID($B62,17,1)) -> 0 | K62: =BIN2DEC(MID($B62,18,1)) -> 0 | L62: =BIN2DEC(MID($B62,19,1)) -> 0 | M62: {=INDEX(Types!A:A,1+BIN2DEC(MID($B62,20,2)))} -> Jump | N62: {=IF(M62="ALU",INDEX(ALUOps!A:A,1+BIN2DEC(MID($B62,22,5))),"")} | O62: {=IF(M62="ALU",INDEX(TMP!A:A,1+BIN2DEC(MID($B62,27,2))),"")} | P62: =IF(M62="ALU",BIN2DEC(MID($B62,29,1)),"") | Q62: =IF(M62="Jump",BIN2DEC(MID($B62,22,4)),"") -> 8 | R62: =IF(M62="Jump",15-BIN2DEC(MID($B62,26,4)),"") -> 2 | S62: {=IF(M62="Control",INDEX(IC!A:A,1+BIN2DEC(MID($B62,21,4))),"")} | T62: {=IF(M62="Control",INDEX(EC!A:A,1+BIN2DEC(MID($B62,25,3))),"")} | U62: {=IF(M62="Control",INDEX(SR!A:A,1+BIN2DEC(MID($B62,28,2))),"")} | X62: alu rm,i | AD62: 80,81,82,83
A63: =DEC2HEX(ROW(A62)-ROW($A$1),3) -> 03D | B63: 11000010000000000000000000000 | F63: {=INDEX(Sources!A:A, 1 + BIN2DEC(LEFT($B63,5)))} -> Q | G63: {=INDEX(Dest1!A:A,1+BIN2DEC(MID($B63,6,5)))} -> UNK8 | H63: {=INDEX(Source2!A:A,1+BIN2DEC(MID($B63,11,4)))} -> -- | I63: {=INDEX('D2'!A:A,1+BIN2DEC(MID($B63,16,2)))} -> 0 | J63: =BIN2DEC(MID($B63,17,1)) -> 0 | K63: =BIN2DEC(MID($B63,18,1)) -> 0 | L63: =BIN2DEC(MID($B63,19,1)) -> 0 | M63: {=INDEX(Types!A:A,1+BIN2DEC(MID($B63,20,2)))} -> Control | N63: {=IF(M63="ALU",INDEX(ALUOps!A:A,1+BIN2DEC(MID($B63,22,5))),"")} | O63: {=IF(M63="ALU",INDEX(TMP!A:A,1+BIN2DEC(MID($B63,27,2))),"")} | P63: =IF(M63="ALU",BIN2DEC(MID($B63,29,1)),"") | Q63: =IF(M63="Jump",BIN2DEC(MID($B63,22,4)),"") | R63: =IF(M63="Jump",15-BIN2DEC(MID($B63,26,4)),"") | S63: {=IF(M63="Control",INDEX(IC!A:A,1+BIN2DEC(MID($B63,21,4))),"")} -> 0 | T63: {=IF(M63="Control",INDEX(EC!A:A,1+BIN2DEC(MID($B63,25,3))),"")} -> 0 | U63: {=IF(M63="Control",INDEX(SR!A:A,1+BIN2DEC(MID($B63,28,2))),"")} -> 0
A64: =DEC2HEX(ROW(A63)-ROW($A$1),3) -> 03E | B64: 10010100110000000001101001111 | F64: {=INDEX(Sources!A:A, 1 + BIN2DEC(LEFT($B64,5)))} -> TMPA | G64: {=INDEX(Dest1!A:A,1+BIN2DEC(MID($B64,6,5)))} -> TMPB | H64: {=INDEX(Source2!A:A,1+BIN2DEC(MID($B64,11,4)))} -> -- | I64: {=INDEX('D2'!A:A,1+BIN2DEC(MID($B64,16,2)))} -> 0 | J64: =BIN2DEC(MID($B64,17,1)) -> 0 | K64: =BIN2DEC(MID($B64,18,1)) -> 0 | L64: =BIN2DEC(MID($B64,19,1)) -> 0 | M64: {=INDEX(Types!A:A,1+BIN2DEC(MID($B64,20,2)))} -> ALU | N64: {=IF(M64="ALU",INDEX(ALUOps!A:A,1+BIN2DEC(MID($B64,22,5))),"")} -> 9 | O64: {=IF(M64="ALU",INDEX(TMP!A:A,1+BIN2DEC(MID($B64,27,2))),"")} -> 3 | P64: =IF(M64="ALU",BIN2DEC(MID($B64,29,1)),"") -> 1 | Q64: =IF(M64="Jump",BIN2DEC(MID($B64,22,4)),"") | R64: =IF(M64="Jump",15-BIN2DEC(MID($B64,26,4)),"") | S64: {=IF(M64="Control",INDEX(IC!A:A,1+BIN2DEC(MID($B64,21,4))),"")} | T64: {=IF(M64="Control",INDEX(EC!A:A,1+BIN2DEC(MID($B64,25,3))),"")} | U64: {=IF(M64="Control",INDEX(SR!A:A,1+BIN2DEC(MID($B64,28,2))),"")}
A65: =DEC2HEX(ROW(A64)-ROW($A$1),3) -> 03F | B65: 01100100100000000000000000000 | F65: {=INDEX(Sources!A:A, 1 + BIN2DEC(LEFT($B65,5)))} -> OPR | G65: {=INDEX(Dest1!A:A,1+BIN2DEC(MID($B65,6,5)))} -> TMPA | H65: {=INDEX(Source2!A:A,1+BIN2DEC(MID($B65,11,4)))} -> -- | I65: {=INDEX('D2'!A:A,1+BIN2DEC(MID($B65,16,2)))} -> 0 | J65: =BIN2DEC(MID($B65,17,1)) -> 0 | K65: =BIN2DEC(MID($B65,18,1)) -> 0 | L65: =BIN2DEC(MID($B65,19,1)) -> 0 | M65: {=INDEX(Types!A:A,1+BIN2DEC(MID($B65,20,2)))} -> Control | N65: {=IF(M65="ALU",INDEX(ALUOps!A:A,1+BIN2DEC(MID($B65,22,5))),"")} | O65: {=IF(M65="ALU",INDEX(TMP!A:A,1+BIN2DEC(MID($B65,27,2))),"")} | P65: =IF(M65="ALU",BIN2DEC(MID($B65,29,1)),"") | Q65: =IF(M65="Jump",BIN2DEC(MID($B65,22,4)),"") | R65: =IF(M65="Jump",15-BIN2DEC(MID($B65,26,4)),"") | S65: {=IF(M65="Control",INDEX(IC!A:A,1+BIN2DEC(MID($B65,21,4))),"")} -> 0 | T65: {=IF(M65="Control",INDEX(EC!A:A,1+BIN2DEC(MID($B65,25,3))),"")} -> 0 | U65: {=IF(M65="Control",INDEX(SR!A:A,1+BIN2DEC(MID($B65,28,2))),"")} -> 0
A66: =DEC2HEX(ROW(A65)-ROW($A$1),3) -> 040 | B66: 01011011000000000110000000100 | C66: 00?.100000??.01 | D66: 00? | E66: 01 | F66: {=INDEX(Sources!A:A, 1 + BIN2DEC(LEFT($B66,5)))} -> SIGMA | G66: {=INDEX(Dest1!A:A,1+BIN2DEC(MID($B66,6,5)))} -> OPR | H66: {=INDEX(Source2!A:A,1+BIN2DEC(MID($B66,11,4)))} -> -- | I66: {=INDEX('D2'!A:A,1+BIN2DEC(MID($B66,16,2)))} -> 0 | J66: =BIN2DEC(MID($B66,17,1)) -> 0 | K66: =BIN2DEC(MID($B66,18,1)) -> 1 | L66: =BIN2DEC(MID($B66,19,1)) -> 1 | M66: {=INDEX(Types!A:A,1+BIN2DEC(MID($B66,20,2)))} -> Control | N66: {=IF(M66="ALU",INDEX(ALUOps!A:A,1+BIN2DEC(MID($B66,22,5))),"")} | O66: {=IF(M66="ALU",INDEX(TMP!A:A,1+BIN2DEC(MID($B66,27,2))),"")} | P66: =IF(M66="ALU",BIN2DEC(MID($B66,29,1)),"") | Q66: =IF(M66="Jump",BIN2DEC(MID($B66,22,4)),"") | R66: =IF(M66="Jump",15-BIN2DEC(MID($B66,26,4)),"") | S66: {=IF(M66="Control",INDEX(IC!A:A,1+BIN2DEC(MID($B66,21,4))),"")} -> 0 | T66: {=IF(M66="Control",INDEX(EC!A:A,1+BIN2DEC(MID($B66,25,3))),"")} -> 1 | U66: {=IF(M66="Control",INDEX(SR!A:A,1+BIN2DEC(MID($B66,28,2))),"")} -> 0 | AC66: 80-83 | AD66: 80,81,82,83
A67: =DEC2HEX(ROW(A66)-ROW($A$1),3) -> 041 | B67: 00000000000000000000000000000 | G67: {=INDEX(Dest1!A:A,1+BIN2DEC(MID($B67,6,5)))} -> -- | H67: {=INDEX(Source2!A:A,1+BIN2DEC(MID($B67,11,4)))} -> -- | N67: {=IF(M67="ALU",INDEX(ALUOps!A:A,1+BIN2DEC(MID($B67,22,5))),"")} | O67: {=IF(M67="ALU",INDEX(TMP!A:A,1+BIN2DEC(MID($B67,27,2))),"")} | P67: =IF(M67="ALU",BIN2DEC(MID($B67,29,1)),"") | Q67: =IF(M67="Jump",BIN2DEC(MID($B67,22,4)),"") | R67: =IF(M67="Jump",15-BIN2DEC(MID($B67,26,4)),"") | S67: {=IF(M67="Control",INDEX(IC!A:A,1+BIN2DEC(MID($B67,21,4))),"")} | T67: {=IF(M67="Control",INDEX(EC!A:A,1+BIN2DEC(MID($B67,25,3))),"")} | U67: {=IF(M67="Control",INDEX(SR!A:A,1+BIN2DEC(MID($B67,28,2))),"")}
A68: =DEC2HEX(ROW(A67)-ROW($A$1),3) -> 042 | B68: 00000000000000000000000000000 | G68: {=INDEX(Dest1!A:A,1+BIN2DEC(MID($B68,6,5)))} -> -- | H68: {=INDEX(Source2!A:A,1+BIN2DEC(MID($B68,11,4)))} -> -- | N68: {=IF(M68="ALU",INDEX(ALUOps!A:A,1+BIN2DEC(MID($B68,22,5))),"")} | O68: {=IF(M68="ALU",INDEX(TMP!A:A,1+BIN2DEC(MID($B68,27,2))),"")} | P68: =IF(M68="ALU",BIN2DEC(MID($B68,29,1)),"") | Q68: =IF(M68="Jump",BIN2DEC(MID($B68,22,4)),"") | R68: =IF(M68="Jump",15-BIN2DEC(MID($B68,26,4)),"") | S68: {=IF(M68="Control",INDEX(IC!A:A,1+BIN2DEC(MID($B68,21,4))),"")} | T68: {=IF(M68="Control",INDEX(EC!A:A,1+BIN2DEC(MID($B68,25,3))),"")} | U68: {=IF(M68="Control",INDEX(SR!A:A,1+BIN2DEC(MID($B68,28,2))),"")}
A69: =DEC2HEX(ROW(A68)-ROW($A$1),3) -> 043 | B69: 00000000000000000000000000000 | G69: {=INDEX(Dest1!A:A,1+BIN2DEC(MID($B69,6,5)))} -> -- | H69: {=INDEX(Source2!A:A,1+BIN2DEC(MID($B69,11,4)))} -> -- | N69: {=IF(M69="ALU",INDEX(ALUOps!A:A,1+BIN2DEC(MID($B69,22,5))),"")} | O69: {=IF(M69="ALU",INDEX(TMP!A:A,1+BIN2DEC(MID($B69,27,2))),"")} | P69: =IF(M69="ALU",BIN2DEC(MID($B69,29,1)),"") | Q69: =IF(M69="Jump",BIN2DEC(MID($B69,22,4)),"") | R69: =IF(M69="Jump",15-BIN2DEC(MID($B69,26,4)),"") | S69: {=IF(M69="Control",INDEX(IC!A:A,1+BIN2DEC(MID($B69,21,4))),"")} | T69: {=IF(M69="Control",INDEX(EC!A:A,1+BIN2DEC(MID($B69,25,3))),"")} | U69: {=IF(M69="Control",INDEX(SR!A:A,1+BIN2DEC(MID($B69,28,2))),"")}
A70: =DEC2HEX(ROW(A69)-ROW($A$1),3) -> 044 | B70: 01100100111000100011111011111 | C70: 00?.1000010?.00 | D70: 00? | E70: 00 | F70: {=INDEX(Sources!A:A, 1 + BIN2DEC(LEFT($B70,5)))} -> OPR | G70: {=INDEX(Dest1!A:A,1+BIN2DEC(MID($B70,6,5)))} -> TMPB | H70: {=INDEX(Source2!A:A,1+BIN2DEC(MID($B70,11,4)))} -> 8 | I70: {=INDEX('D2'!A:A,1+BIN2DEC(MID($B70,16,2)))} -> 0 | J70: =BIN2DEC(MID($B70,17,1)) -> 0 | K70: =BIN2DEC(MID($B70,18,1)) -> 0 | L70: =BIN2DEC(MID($B70,19,1)) -> 1 | M70: {=INDEX(Types!A:A,1+BIN2DEC(MID($B70,20,2)))} -> ALU | N70: {=IF(M70="ALU",INDEX(ALUOps!A:A,1+BIN2DEC(MID($B70,22,5))),"")} -> 27 | O70: {=IF(M70="ALU",INDEX(TMP!A:A,1+BIN2DEC(MID($B70,27,2))),"")} -> 3 | P70: =IF(M70="ALU",BIN2DEC(MID($B70,29,1)),"") -> 1 | Q70: =IF(M70="Jump",BIN2DEC(MID($B70,22,4)),"") | R70: =IF(M70="Jump",15-BIN2DEC(MID($B70,26,4)),"") | S70: {=IF(M70="Control",INDEX(IC!A:A,1+BIN2DEC(MID($B70,21,4))),"")} | T70: {=IF(M70="Control",INDEX(EC!A:A,1+BIN2DEC(MID($B70,25,3))),"")} | U70: {=IF(M70="Control",INDEX(SR!A:A,1+BIN2DEC(MID($B70,28,2))),"")} | X70: TEST rm,r | AC70: 84,85 | AD70: 84,85
A71: =DEC2HEX(ROW(A70)-ROW($A$1),3) -> 045 | B71: 01011110000000000100000000000 | F71: {=INDEX(Sources!A:A, 1 + BIN2DEC(LEFT($B71,5)))} -> SIGMA | G71: {=INDEX(Dest1!A:A,1+BIN2DEC(MID($B71,6,5)))} -> UNK24 | H71: {=INDEX(Source2!A:A,1+BIN2DEC(MID($B71,11,4)))} -> -- | I71: {=INDEX('D2'!A:A,1+BIN2DEC(MID($B71,16,2)))} -> 0 | J71: =BIN2DEC(MID($B71,17,1)) -> 0 | K71: =BIN2DEC(MID($B71,18,1)) -> 1 | L71: =BIN2DEC(MID($B71,19,1)) -> 0 | M71: {=INDEX(Types!A:A,1+BIN2DEC(MID($B71,20,2)))} -> Control | N71: {=IF(M71="ALU",INDEX(ALUOps!A:A,1+BIN2DEC(MID($B71,22,5))),"")} | O71: {=IF(M71="ALU",INDEX(TMP!A:A,1+BIN2DEC(MID($B71,27,2))),"")} | P71: =IF(M71="ALU",BIN2DEC(MID($B71,29,1)),"") | Q71: =IF(M71="Jump",BIN2DEC(MID($B71,22,4)),"") | R71: =IF(M71="Jump",15-BIN2DEC(MID($B71,26,4)),"") | S71: {=IF(M71="Control",INDEX(IC!A:A,1+BIN2DEC(MID($B71,21,4))),"")} -> 0 | T71: {=IF(M71="Control",INDEX(EC!A:A,1+BIN2DEC(MID($B71,25,3))),"")} -> 0 | U71: {=IF(M71="Control",INDEX(SR!A:A,1+BIN2DEC(MID($B71,28,2))),"")} -> 0
A72: =DEC2HEX(ROW(A71)-ROW($A$1),3) -> 046 | B72: 00000000000000000000000000000 | G72: {=INDEX(Dest1!A:A,1+BIN2DEC(MID($B72,6,5)))} -> -- | H72: {=INDEX(Source2!A:A,1+BIN2DEC(MID($B72,11,4)))} -> -- | N72: {=IF(M72="ALU",INDEX(ALUOps!A:A,1+BIN2DEC(MID($B72,22,5))),"")} | O72: {=IF(M72="ALU",INDEX(TMP!A:A,1+BIN2DEC(MID($B72,27,2))),"")} | P72: =IF(M72="ALU",BIN2DEC(MID($B72,29,1)),"") | Q72: =IF(M72="Jump",BIN2DEC(MID($B72,22,4)),"") | R72: =IF(M72="Jump",15-BIN2DEC(MID($B72,26,4)),"") | S72: {=IF(M72="Control",INDEX(IC!A:A,1+BIN2DEC(MID($B72,21,4))),"")} | T72: {=IF(M72="Control",INDEX(EC!A:A,1+BIN2DEC(MID($B72,25,3))),"")} | U72: {=IF(M72="Control",INDEX(SR!A:A,1+BIN2DEC(MID($B72,28,2))),"")}
A73: =DEC2HEX(ROW(A72)-ROW($A$1),3) -> 047 | B73: 00000000000000000000000000000 | G73: {=INDEX(Dest1!A:A,1+BIN2DEC(MID($B73,6,5)))} -> -- | H73: {=INDEX(Source2!A:A,1+BIN2DEC(MID($B73,11,4)))} -> -- | N73: {=IF(M73="ALU",INDEX(ALUOps!A:A,1+BIN2DEC(MID($B73,22,5))),"")} | O73: {=IF(M73="ALU",INDEX(TMP!A:A,1+BIN2DEC(MID($B73,27,2))),"")} | P73: =IF(M73="ALU",BIN2DEC(MID($B73,29,1)),"") | Q73: =IF(M73="Jump",BIN2DEC(MID($B73,22,4)),"") | R73: =IF(M73="Jump",15-BIN2DEC(MID($B73,26,4)),"") | S73: {=IF(M73="Control",INDEX(IC!A:A,1+BIN2DEC(MID($B73,21,4))),"")} | T73: {=IF(M73="Control",INDEX(EC!A:A,1+BIN2DEC(MID($B73,25,3))),"")} | U73: {=IF(M73="Control",INDEX(SR!A:A,1+BIN2DEC(MID($B73,28,2))),"")}
A74: =DEC2HEX(ROW(A73)-ROW($A$1),3) -> 048 | B74: 01100100111000100000000000000 | C74: 00?.1000011?.00 | D74: 00? | E74: 00 | F74: {=INDEX(Sources!A:A, 1 + BIN2DEC(LEFT($B74,5)))} -> OPR | G74: {=INDEX(Dest1!A:A,1+BIN2DEC(MID($B74,6,5)))} -> TMPB | H74: {=INDEX(Source2!A:A,1+BIN2DEC(MID($B74,11,4)))} -> 8 | I74: {=INDEX('D2'!A:A,1+BIN2DEC(MID($B74,16,2)))} -> 0 | J74: =BIN2DEC(MID($B74,17,1)) -> 0 | K74: =BIN2DEC(MID($B74,18,1)) -> 0 | L74: =BIN2DEC(MID($B74,19,1)) -> 0 | M74: {=INDEX(Types!A:A,1+BIN2DEC(MID($B74,20,2)))} -> Control | N74: {=IF(M74="ALU",INDEX(ALUOps!A:A,1+BIN2DEC(MID($B74,22,5))),"")} | O74: {=IF(M74="ALU",INDEX(TMP!A:A,1+BIN2DEC(MID($B74,27,2))),"")} | P74: =IF(M74="ALU",BIN2DEC(MID($B74,29,1)),"") | Q74: =IF(M74="Jump",BIN2DEC(MID($B74,22,4)),"") | R74: =IF(M74="Jump",15-BIN2DEC(MID($B74,26,4)),"") | S74: {=IF(M74="Control",INDEX(IC!A:A,1+BIN2DEC(MID($B74,21,4))),"")} -> 0 | T74: {=IF(M74="Control",INDEX(EC!A:A,1+BIN2DEC(MID($B74,25,3))),"")} -> 0 | U74: {=IF(M74="Control",INDEX(SR!A:A,1+BIN2DEC(MID($B74,28,2))),"")} -> 0 | X74: XCHG rm,r | AC74: 86,87 | AD74: 86,87
A75: =DEC2HEX(ROW(A74)-ROW($A$1),3) -> 049 | B75: 10011011010000000010000000100 | F75: {=INDEX(Sources!A:A, 1 + BIN2DEC(LEFT($B75,5)))} -> TMPB | G75: {=INDEX(Dest1!A:A,1+BIN2DEC(MID($B75,6,5)))} -> REG | H75: {=INDEX(Source2!A:A,1+BIN2DEC(MID($B75,11,4)))} -> -- | I75: {=INDEX('D2'!A:A,1+BIN2DEC(MID($B75,16,2)))} -> 0 | J75: =BIN2DEC(MID($B75,17,1)) -> 0 | K75: =BIN2DEC(MID($B75,18,1)) -> 0 | L75: =BIN2DEC(MID($B75,19,1)) -> 1 | M75: {=INDEX(Types!A:A,1+BIN2DEC(MID($B75,20,2)))} -> Control | N75: {=IF(M75="ALU",INDEX(ALUOps!A:A,1+BIN2DEC(MID($B75,22,5))),"")} | O75: {=IF(M75="ALU",INDEX(TMP!A:A,1+BIN2DEC(MID($B75,27,2))),"")} | P75: =IF(M75="ALU",BIN2DEC(MID($B75,29,1)),"") | Q75: =IF(M75="Jump",BIN2DEC(MID($B75,22,4)),"") | R75: =IF(M75="Jump",15-BIN2DEC(MID($B75,26,4)),"") | S75: {=IF(M75="Control",INDEX(IC!A:A,1+BIN2DEC(MID($B75,21,4))),"")} -> 0 | T75: {=IF(M75="Control",INDEX(EC!A:A,1+BIN2DEC(MID($B75,25,3))),"")} -> 1 | U75: {=IF(M75="Control",INDEX(SR!A:A,1+BIN2DEC(MID($B75,28,2))),"")} -> 0
A76: =DEC2HEX(ROW(A75)-ROW($A$1),3) -> 04A | B76: 10010011000000000000000000000 | F76: {=INDEX(Sources!A:A, 1 + BIN2DEC(LEFT($B76,5)))} -> TMPA | G76: {=INDEX(Dest1!A:A,1+BIN2DEC(MID($B76,6,5)))} -> OPR | H76: {=INDEX(Source2!A:A,1+BIN2DEC(MID($B76,11,4)))} -> -- | I76: {=INDEX('D2'!A:A,1+BIN2DEC(MID($B76,16,2)))} -> 0 | J76: =BIN2DEC(MID($B76,17,1)) -> 0 | K76: =BIN2DEC(MID($B76,18,1)) -> 0 | L76: =BIN2DEC(MID($B76,19,1)) -> 0 | M76: {=INDEX(Types!A:A,1+BIN2DEC(MID($B76,20,2)))} -> Control | N76: {=IF(M76="ALU",INDEX(ALUOps!A:A,1+BIN2DEC(MID($B76,22,5))),"")} | O76: {=IF(M76="ALU",INDEX(TMP!A:A,1+BIN2DEC(MID($B76,27,2))),"")} | P76: =IF(M76="ALU",BIN2DEC(MID($B76,29,1)),"") | Q76: =IF(M76="Jump",BIN2DEC(MID($B76,22,4)),"") | R76: =IF(M76="Jump",15-BIN2DEC(MID($B76,26,4)),"") | S76: {=IF(M76="Control",INDEX(IC!A:A,1+BIN2DEC(MID($B76,21,4))),"")} -> 0 | T76: {=IF(M76="Control",INDEX(EC!A:A,1+BIN2DEC(MID($B76,25,3))),"")} -> 0 | U76: {=IF(M76="Control",INDEX(SR!A:A,1+BIN2DEC(MID($B76,28,2))),"")} -> 0
A77: =DEC2HEX(ROW(A76)-ROW($A$1),3) -> 04B | B77: 00000000000000000000000000000 | G77: {=INDEX(Dest1!A:A,1+BIN2DEC(MID($B77,6,5)))} -> -- | H77: {=INDEX(Source2!A:A,1+BIN2DEC(MID($B77,11,4)))} -> -- | N77: {=IF(M77="ALU",INDEX(ALUOps!A:A,1+BIN2DEC(MID($B77,22,5))),"")} | O77: {=IF(M77="ALU",INDEX(TMP!A:A,1+BIN2DEC(MID($B77,27,2))),"")} | P77: =IF(M77="ALU",BIN2DEC(MID($B77,29,1)),"") | Q77: =IF(M77="Jump",BIN2DEC(MID($B77,22,4)),"") | R77: =IF(M77="Jump",15-BIN2DEC(MID($B77,26,4)),"") | S77: {=IF(M77="Control",INDEX(IC!A:A,1+BIN2DEC(MID($B77,21,4))),"")} | T77: {=IF(M77="Control",INDEX(EC!A:A,1+BIN2DEC(MID($B77,25,3))),"")} | U77: {=IF(M77="Control",INDEX(SR!A:A,1+BIN2DEC(MID($B77,28,2))),"")}
A78: =DEC2HEX(ROW(A77)-ROW($A$1),3) -> 04C | B78: 01101100110000000000000000000 | C78: 00?.100010??.00 | D78: 00? | E78: 00 | F78: {=INDEX(Sources!A:A, 1 + BIN2DEC(LEFT($B78,5)))} -> REG | G78: {=INDEX(Dest1!A:A,1+BIN2DEC(MID($B78,6,5)))} -> TMPB | H78: {=INDEX(Source2!A:A,1+BIN2DEC(MID($B78,11,4)))} -> -- | I78: {=INDEX('D2'!A:A,1+BIN2DEC(MID($B78,16,2)))} -> 0 | J78: =BIN2DEC(MID($B78,17,1)) -> 0 | K78: =BIN2DEC(MID($B78,18,1)) -> 0 | L78: =BIN2DEC(MID($B78,19,1)) -> 0 | M78: {=INDEX(Types!A:A,1+BIN2DEC(MID($B78,20,2)))} -> Control | N78: {=IF(M78="ALU",INDEX(ALUOps!A:A,1+BIN2DEC(MID($B78,22,5))),"")} | O78: {=IF(M78="ALU",INDEX(TMP!A:A,1+BIN2DEC(MID($B78,27,2))),"")} | P78: =IF(M78="ALU",BIN2DEC(MID($B78,29,1)),"") | Q78: =IF(M78="Jump",BIN2DEC(MID($B78,22,4)),"") | R78: =IF(M78="Jump",15-BIN2DEC(MID($B78,26,4)),"") | S78: {=IF(M78="Control",INDEX(IC!A:A,1+BIN2DEC(MID($B78,21,4))),"")} -> 0 | T78: {=IF(M78="Control",INDEX(EC!A:A,1+BIN2DEC(MID($B78,25,3))),"")} -> 0 | U78: {=IF(M78="Control",INDEX(SR!A:A,1+BIN2DEC(MID($B78,28,2))),"")} -> 0 | X78: MOV rm<->r | AC78: 88-8b | AD78: 88,89,8a,8b
A79: =DEC2HEX(ROW(A78)-ROW($A$1),3) -> 04D | B79: 10011011000000000010000000100 | F79: {=INDEX(Sources!A:A, 1 + BIN2DEC(LEFT($B79,5)))} -> TMPB | G79: {=INDEX(Dest1!A:A,1+BIN2DEC(MID($B79,6,5)))} -> OPR | H79: {=INDEX(Source2!A:A,1+BIN2DEC(MID($B79,11,4)))} -> -- | I79: {=INDEX('D2'!A:A,1+BIN2DEC(MID($B79,16,2)))} -> 0 | J79: =BIN2DEC(MID($B79,17,1)) -> 0 | K79: =BIN2DEC(MID($B79,18,1)) -> 0 | L79: =BIN2DEC(MID($B79,19,1)) -> 1 | M79: {=INDEX(Types!A:A,1+BIN2DEC(MID($B79,20,2)))} -> Control | N79: {=IF(M79="ALU",INDEX(ALUOps!A:A,1+BIN2DEC(MID($B79,22,5))),"")} | O79: {=IF(M79="ALU",INDEX(TMP!A:A,1+BIN2DEC(MID($B79,27,2))),"")} | P79: =IF(M79="ALU",BIN2DEC(MID($B79,29,1)),"") | Q79: =IF(M79="Jump",BIN2DEC(MID($B79,22,4)),"") | R79: =IF(M79="Jump",15-BIN2DEC(MID($B79,26,4)),"") | S79: {=IF(M79="Control",INDEX(IC!A:A,1+BIN2DEC(MID($B79,21,4))),"")} -> 0 | T79: {=IF(M79="Control",INDEX(EC!A:A,1+BIN2DEC(MID($B79,25,3))),"")} -> 1 | U79: {=IF(M79="Control",INDEX(SR!A:A,1+BIN2DEC(MID($B79,28,2))),"")} -> 0
A80: =DEC2HEX(ROW(A79)-ROW($A$1),3) -> 04E | B80: 00000000000000000000000000000 | G80: {=INDEX(Dest1!A:A,1+BIN2DEC(MID($B80,6,5)))} -> -- | H80: {=INDEX(Source2!A:A,1+BIN2DEC(MID($B80,11,4)))} -> -- | N80: {=IF(M80="ALU",INDEX(ALUOps!A:A,1+BIN2DEC(MID($B80,22,5))),"")} | O80: {=IF(M80="ALU",INDEX(TMP!A:A,1+BIN2DEC(MID($B80,27,2))),"")} | P80: =IF(M80="ALU",BIN2DEC(MID($B80,29,1)),"") | Q80: =IF(M80="Jump",BIN2DEC(MID($B80,22,4)),"") | R80: =IF(M80="Jump",15-BIN2DEC(MID($B80,26,4)),"") | S80: {=IF(M80="Control",INDEX(IC!A:A,1+BIN2DEC(MID($B80,21,4))),"")} | T80: {=IF(M80="Control",INDEX(EC!A:A,1+BIN2DEC(MID($B80,25,3))),"")} | U80: {=IF(M80="Control",INDEX(SR!A:A,1+BIN2DEC(MID($B80,28,2))),"")}
A81: =DEC2HEX(ROW(A80)-ROW($A$1),3) -> 04F | B81: 00000000000000000000000000000 | G81: {=INDEX(Dest1!A:A,1+BIN2DEC(MID($B81,6,5)))} -> -- | H81: {=INDEX(Source2!A:A,1+BIN2DEC(MID($B81,11,4)))} -> -- | N81: {=IF(M81="ALU",INDEX(ALUOps!A:A,1+BIN2DEC(MID($B81,22,5))),"")} | O81: {=IF(M81="ALU",INDEX(TMP!A:A,1+BIN2DEC(MID($B81,27,2))),"")} | P81: =IF(M81="ALU",BIN2DEC(MID($B81,29,1)),"") | Q81: =IF(M81="Jump",BIN2DEC(MID($B81,22,4)),"") | R81: =IF(M81="Jump",15-BIN2DEC(MID($B81,26,4)),"") | S81: {=IF(M81="Control",INDEX(IC!A:A,1+BIN2DEC(MID($B81,21,4))),"")} | T81: {=IF(M81="Control",INDEX(EC!A:A,1+BIN2DEC(MID($B81,25,3))),"")} | U81: {=IF(M81="Control",INDEX(SR!A:A,1+BIN2DEC(MID($B81,28,2))),"")}
A82: =DEC2HEX(ROW(A81)-ROW($A$1),3) -> 050 | B82: 01101011000000000010000000100 | C82: 00?.100011?0.00 | D82: 00? | E82: 00 | F82: {=INDEX(Sources!A:A, 1 + BIN2DEC(LEFT($B82,5)))} -> REG | G82: {=INDEX(Dest1!A:A,1+BIN2DEC(MID($B82,6,5)))} -> OPR | H82: {=INDEX(Source2!A:A,1+BIN2DEC(MID($B82,11,4)))} -> -- | I82: {=INDEX('D2'!A:A,1+BIN2DEC(MID($B82,16,2)))} -> 0 | J82: =BIN2DEC(MID($B82,17,1)) -> 0 | K82: =BIN2DEC(MID($B82,18,1)) -> 0 | L82: =BIN2DEC(MID($B82,19,1)) -> 1 | M82: {=INDEX(Types!A:A,1+BIN2DEC(MID($B82,20,2)))} -> Control | N82: {=IF(M82="ALU",INDEX(ALUOps!A:A,1+BIN2DEC(MID($B82,22,5))),"")} | O82: {=IF(M82="ALU",INDEX(TMP!A:A,1+BIN2DEC(MID($B82,27,2))),"")} | P82: =IF(M82="ALU",BIN2DEC(MID($B82,29,1)),"") | Q82: =IF(M82="Jump",BIN2DEC(MID($B82,22,4)),"") | R82: =IF(M82="Jump",15-BIN2DEC(MID($B82,26,4)),"") | S82: {=IF(M82="Control",INDEX(IC!A:A,1+BIN2DEC(MID($B82,21,4))),"")} -> 0 | T82: {=IF(M82="Control",INDEX(EC!A:A,1+BIN2DEC(MID($B82,25,3))),"")} -> 1 | U82: {=IF(M82="Control",INDEX(SR!A:A,1+BIN2DEC(MID($B82,28,2))),"")} -> 0 | X82: MOV rm<->sr | AC82: 8c,8e | AD82: 8c,8e
A83: =DEC2HEX(ROW(A82)-ROW($A$1),3) -> 051 | B83: 00000000000000000000000000000 | G83: {=INDEX(Dest1!A:A,1+BIN2DEC(MID($B83,6,5)))} -> -- | H83: {=INDEX(Source2!A:A,1+BIN2DEC(MID($B83,11,4)))} -> -- | N83: {=IF(M83="ALU",INDEX(ALUOps!A:A,1+BIN2DEC(MID($B83,22,5))),"")} | O83: {=IF(M83="ALU",INDEX(TMP!A:A,1+BIN2DEC(MID($B83,27,2))),"")} | P83: =IF(M83="ALU",BIN2DEC(MID($B83,29,1)),"") | Q83: =IF(M83="Jump",BIN2DEC(MID($B83,22,4)),"") | R83: =IF(M83="Jump",15-BIN2DEC(MID($B83,26,4)),"") | S83: {=IF(M83="Control",INDEX(IC!A:A,1+BIN2DEC(MID($B83,21,4))),"")} | T83: {=IF(M83="Control",INDEX(EC!A:A,1+BIN2DEC(MID($B83,25,3))),"")} | U83: {=IF(M83="Control",INDEX(SR!A:A,1+BIN2DEC(MID($B83,28,2))),"")}
A84: =DEC2HEX(ROW(A83)-ROW($A$1),3) -> 052 | B84: 00000000000000000000000000000 | G84: {=INDEX(Dest1!A:A,1+BIN2DEC(MID($B84,6,5)))} -> -- | H84: {=INDEX(Source2!A:A,1+BIN2DEC(MID($B84,11,4)))} -> -- | N84: {=IF(M84="ALU",INDEX(ALUOps!A:A,1+BIN2DEC(MID($B84,22,5))),"")} | O84: {=IF(M84="ALU",INDEX(TMP!A:A,1+BIN2DEC(MID($B84,27,2))),"")} | P84: =IF(M84="ALU",BIN2DEC(MID($B84,29,1)),"") | Q84: =IF(M84="Jump",BIN2DEC(MID($B84,22,4)),"") | R84: =IF(M84="Jump",15-BIN2DEC(MID($B84,26,4)),"") | S84: {=IF(M84="Control",INDEX(IC!A:A,1+BIN2DEC(MID($B84,21,4))),"")} | T84: {=IF(M84="Control",INDEX(EC!A:A,1+BIN2DEC(MID($B84,25,3))),"")} | U84: {=IF(M84="Control",INDEX(SR!A:A,1+BIN2DEC(MID($B84,28,2))),"")}
A85: =DEC2HEX(ROW(A84)-ROW($A$1),3) -> 053 | B85: 00000000000000000000000000000 | G85: {=INDEX(Dest1!A:A,1+BIN2DEC(MID($B85,6,5)))} -> -- | H85: {=INDEX(Source2!A:A,1+BIN2DEC(MID($B85,11,4)))} -> -- | N85: {=IF(M85="ALU",INDEX(ALUOps!A:A,1+BIN2DEC(MID($B85,22,5))),"")} | O85: {=IF(M85="ALU",INDEX(TMP!A:A,1+BIN2DEC(MID($B85,27,2))),"")} | P85: =IF(M85="ALU",BIN2DEC(MID($B85,29,1)),"") | Q85: =IF(M85="Jump",BIN2DEC(MID($B85,22,4)),"") | R85: =IF(M85="Jump",15-BIN2DEC(MID($B85,26,4)),"") | S85: {=IF(M85="Control",INDEX(IC!A:A,1+BIN2DEC(MID($B85,21,4))),"")} | T85: {=IF(M85="Control",INDEX(EC!A:A,1+BIN2DEC(MID($B85,25,3))),"")} | U85: {=IF(M85="Control",INDEX(SR!A:A,1+BIN2DEC(MID($B85,28,2))),"")}
A86: =DEC2HEX(ROW(A85)-ROW($A$1),3) -> 054 | B86: 00000000000000000010000000000 | C86: 00?.10001101.00 | D86: 00? | E86: 00 | F86: {=INDEX(Sources!A:A, 1 + BIN2DEC(LEFT($B86,5)))} -> -- | G86: {=INDEX(Dest1!A:A,1+BIN2DEC(MID($B86,6,5)))} -> -- | H86: {=INDEX(Source2!A:A,1+BIN2DEC(MID($B86,11,4)))} -> -- | I86: {=INDEX('D2'!A:A,1+BIN2DEC(MID($B86,16,2)))} -> 0 | J86: =BIN2DEC(MID($B86,17,1)) -> 0 | K86: =BIN2DEC(MID($B86,18,1)) -> 0 | L86: =BIN2DEC(MID($B86,19,1)) -> 1 | M86: {=INDEX(Types!A:A,1+BIN2DEC(MID($B86,20,2)))} -> Control | N86: {=IF(M86="ALU",INDEX(ALUOps!A:A,1+BIN2DEC(MID($B86,22,5))),"")} | O86: {=IF(M86="ALU",INDEX(TMP!A:A,1+BIN2DEC(MID($B86,27,2))),"")} | P86: =IF(M86="ALU",BIN2DEC(MID($B86,29,1)),"") | Q86: =IF(M86="Jump",BIN2DEC(MID($B86,22,4)),"") | R86: =IF(M86="Jump",15-BIN2DEC(MID($B86,26,4)),"") | S86: {=IF(M86="Control",INDEX(IC!A:A,1+BIN2DEC(MID($B86,21,4))),"")} -> 0 | T86: {=IF(M86="Control",INDEX(EC!A:A,1+BIN2DEC(MID($B86,25,3))),"")} -> 0 | U86: {=IF(M86="Control",INDEX(SR!A:A,1+BIN2DEC(MID($B86,28,2))),"")} -> 0 | X86: LEA r, m | AC86: 8d | AD86: 8d
A87: =DEC2HEX(ROW(A86)-ROW($A$1),3) -> 055 | B87: 01011011010000000000000000000 | F87: {=INDEX(Sources!A:A, 1 + BIN2DEC(LEFT($B87,5)))} -> SIGMA | G87: {=INDEX(Dest1!A:A,1+BIN2DEC(MID($B87,6,5)))} -> REG | H87: {=INDEX(Source2!A:A,1+BIN2DEC(MID($B87,11,4)))} -> -- | I87: {=INDEX('D2'!A:A,1+BIN2DEC(MID($B87,16,2)))} -> 0 | J87: =BIN2DEC(MID($B87,17,1)) -> 0 | K87: =BIN2DEC(MID($B87,18,1)) -> 0 | L87: =BIN2DEC(MID($B87,19,1)) -> 0 | M87: {=INDEX(Types!A:A,1+BIN2DEC(MID($B87,20,2)))} -> Control | N87: {=IF(M87="ALU",INDEX(ALUOps!A:A,1+BIN2DEC(MID($B87,22,5))),"")} | O87: {=IF(M87="ALU",INDEX(TMP!A:A,1+BIN2DEC(MID($B87,27,2))),"")} | P87: =IF(M87="ALU",BIN2DEC(MID($B87,29,1)),"") | Q87: =IF(M87="Jump",BIN2DEC(MID($B87,22,4)),"") | R87: =IF(M87="Jump",15-BIN2DEC(MID($B87,26,4)),"") | S87: {=IF(M87="Control",INDEX(IC!A:A,1+BIN2DEC(MID($B87,21,4))),"")} -> 0 | T87: {=IF(M87="Control",INDEX(EC!A:A,1+BIN2DEC(MID($B87,25,3))),"")} -> 0 | U87: {=IF(M87="Control",INDEX(SR!A:A,1+BIN2DEC(MID($B87,28,2))),"")} -> 0
A88: =DEC2HEX(ROW(A87)-ROW($A$1),3) -> 056 | B88: 00000000000000000000000000000 | G88: {=INDEX(Dest1!A:A,1+BIN2DEC(MID($B88,6,5)))} -> -- | H88: {=INDEX(Source2!A:A,1+BIN2DEC(MID($B88,11,4)))} -> -- | N88: {=IF(M88="ALU",INDEX(ALUOps!A:A,1+BIN2DEC(MID($B88,22,5))),"")} | O88: {=IF(M88="ALU",INDEX(TMP!A:A,1+BIN2DEC(MID($B88,27,2))),"")} | P88: =IF(M88="ALU",BIN2DEC(MID($B88,29,1)),"") | Q88: =IF(M88="Jump",BIN2DEC(MID($B88,22,4)),"") | R88: =IF(M88="Jump",15-BIN2DEC(MID($B88,26,4)),"") | S88: {=IF(M88="Control",INDEX(IC!A:A,1+BIN2DEC(MID($B88,21,4))),"")} | T88: {=IF(M88="Control",INDEX(EC!A:A,1+BIN2DEC(MID($B88,25,3))),"")} | U88: {=IF(M88="Control",INDEX(SR!A:A,1+BIN2DEC(MID($B88,28,2))),"")}
A89: =DEC2HEX(ROW(A88)-ROW($A$1),3) -> 057 | B89: 00000000000000000000000000000 | G89: {=INDEX(Dest1!A:A,1+BIN2DEC(MID($B89,6,5)))} -> -- | H89: {=INDEX(Source2!A:A,1+BIN2DEC(MID($B89,11,4)))} -> -- | N89: {=IF(M89="ALU",INDEX(ALUOps!A:A,1+BIN2DEC(MID($B89,22,5))),"")} | O89: {=IF(M89="ALU",INDEX(TMP!A:A,1+BIN2DEC(MID($B89,27,2))),"")} | P89: =IF(M89="ALU",BIN2DEC(MID($B89,29,1)),"") | Q89: =IF(M89="Jump",BIN2DEC(MID($B89,22,4)),"") | R89: =IF(M89="Jump",15-BIN2DEC(MID($B89,26,4)),"") | S89: {=IF(M89="Control",INDEX(IC!A:A,1+BIN2DEC(MID($B89,21,4))),"")} | T89: {=IF(M89="Control",INDEX(EC!A:A,1+BIN2DEC(MID($B89,25,3))),"")} | U89: {=IF(M89="Control",INDEX(SR!A:A,1+BIN2DEC(MID($B89,28,2))),"")}
A90: =DEC2HEX(ROW(A89)-ROW($A$1),3) -> 058 | B90: 01011100110000000001100011101 | C90: 00?.10001111.00 | D90: 00? | E90: 00 | F90: {=INDEX(Sources!A:A, 1 + BIN2DEC(LEFT($B90,5)))} -> SIGMA | G90: {=INDEX(Dest1!A:A,1+BIN2DEC(MID($B90,6,5)))} -> TMPB | H90: {=INDEX(Source2!A:A,1+BIN2DEC(MID($B90,11,4)))} -> -- | I90: {=INDEX('D2'!A:A,1+BIN2DEC(MID($B90,16,2)))} -> 0 | J90: =BIN2DEC(MID($B90,17,1)) -> 0 | K90: =BIN2DEC(MID($B90,18,1)) -> 0 | L90: =BIN2DEC(MID($B90,19,1)) -> 0 | M90: {=INDEX(Types!A:A,1+BIN2DEC(MID($B90,20,2)))} -> ALU | N90: {=IF(M90="ALU",INDEX(ALUOps!A:A,1+BIN2DEC(MID($B90,22,5))),"")} -> 3 | O90: {=IF(M90="ALU",INDEX(TMP!A:A,1+BIN2DEC(MID($B90,27,2))),"")} -> 2 | P90: =IF(M90="ALU",BIN2DEC(MID($B90,29,1)),"") -> 1 | Q90: =IF(M90="Jump",BIN2DEC(MID($B90,22,4)),"") | R90: =IF(M90="Jump",15-BIN2DEC(MID($B90,26,4)),"") | S90: {=IF(M90="Control",INDEX(IC!A:A,1+BIN2DEC(MID($B90,21,4))),"")} | T90: {=IF(M90="Control",INDEX(EC!A:A,1+BIN2DEC(MID($B90,25,3))),"")} | U90: {=IF(M90="Control",INDEX(SR!A:A,1+BIN2DEC(MID($B90,28,2))),"")} | X90: POP rmw | AC90: 8f | AD90: 8f
A91: =DEC2HEX(ROW(A90)-ROW($A$1),3) -> 059 | B91: 00011110100011100000000011001 | F91: {=INDEX(Sources!A:A, 1 + BIN2DEC(LEFT($B91,5)))} -> SP | G91: {=INDEX(Dest1!A:A,1+BIN2DEC(MID($B91,6,5)))} -> UNK26 | H91: {=INDEX(Source2!A:A,1+BIN2DEC(MID($B91,11,4)))} -> 3 | I91: {=INDEX('D2'!A:A,1+BIN2DEC(MID($B91,16,2)))} -> 0 | J91: =BIN2DEC(MID($B91,17,1)) -> 0 | K91: =BIN2DEC(MID($B91,18,1)) -> 0 | L91: =BIN2DEC(MID($B91,19,1)) -> 0 | M91: {=INDEX(Types!A:A,1+BIN2DEC(MID($B91,20,2)))} -> Control | N91: {=IF(M91="ALU",INDEX(ALUOps!A:A,1+BIN2DEC(MID($B91,22,5))),"")} | O91: {=IF(M91="ALU",INDEX(TMP!A:A,1+BIN2DEC(MID($B91,27,2))),"")} | P91: =IF(M91="ALU",BIN2DEC(MID($B91,29,1)),"") | Q91: =IF(M91="Jump",BIN2DEC(MID($B91,22,4)),"") | R91: =IF(M91="Jump",15-BIN2DEC(MID($B91,26,4)),"") | S91: {=IF(M91="Control",INDEX(IC!A:A,1+BIN2DEC(MID($B91,21,4))),"")} -> 0 | T91: {=IF(M91="Control",INDEX(EC!A:A,1+BIN2DEC(MID($B91,25,3))),"")} -> 6 | U91: {=IF(M91="Control",INDEX(SR!A:A,1+BIN2DEC(MID($B91,28,2))),"")} -> 1
A92: =DEC2HEX(ROW(A91)-ROW($A$1),3) -> 05A | B92: 01011000110000001001100000111 | F92: {=INDEX(Sources!A:A, 1 + BIN2DEC(LEFT($B92,5)))} -> SIGMA | G92: {=INDEX(Dest1!A:A,1+BIN2DEC(MID($B92,6,5)))} -> SP | H92: {=INDEX(Source2!A:A,1+BIN2DEC(MID($B92,11,4)))} -> -- | I92: {=INDEX('D2'!A:A,1+BIN2DEC(MID($B92,16,2)))} -> 1 | J92: =BIN2DEC(MID($B92,17,1)) -> 1 | K92: =BIN2DEC(MID($B92,18,1)) -> 0 | L92: =BIN2DEC(MID($B92,19,1)) -> 0 | M92: {=INDEX(Types!A:A,1+BIN2DEC(MID($B92,20,2)))} -> ALU | N92: {=IF(M92="ALU",INDEX(ALUOps!A:A,1+BIN2DEC(MID($B92,22,5))),"")} -> 0 | O92: {=IF(M92="ALU",INDEX(TMP!A:A,1+BIN2DEC(MID($B92,27,2))),"")} -> 3 | P92: =IF(M92="ALU",BIN2DEC(MID($B92,29,1)),"") -> 1 | Q92: =IF(M92="Jump",BIN2DEC(MID($B92,22,4)),"") | R92: =IF(M92="Jump",15-BIN2DEC(MID($B92,26,4)),"") | S92: {=IF(M92="Control",INDEX(IC!A:A,1+BIN2DEC(MID($B92,21,4))),"")} | T92: {=IF(M92="Control",INDEX(EC!A:A,1+BIN2DEC(MID($B92,25,3))),"")} | U92: {=IF(M92="Control",INDEX(SR!A:A,1+BIN2DEC(MID($B92,28,2))),"")}
A93: =DEC2HEX(ROW(A92)-ROW($A$1),3) -> 05B | B93: 01011110100000000010000000100 | F93: {=INDEX(Sources!A:A, 1 + BIN2DEC(LEFT($B93,5)))} -> SIGMA | G93: {=INDEX(Dest1!A:A,1+BIN2DEC(MID($B93,6,5)))} -> UNK26 | H93: {=INDEX(Source2!A:A,1+BIN2DEC(MID($B93,11,4)))} -> -- | I93: {=INDEX('D2'!A:A,1+BIN2DEC(MID($B93,16,2)))} -> 0 | J93: =BIN2DEC(MID($B93,17,1)) -> 0 | K93: =BIN2DEC(MID($B93,18,1)) -> 0 | L93: =BIN2DEC(MID($B93,19,1)) -> 1 | M93: {=INDEX(Types!A:A,1+BIN2DEC(MID($B93,20,2)))} -> Control | N93: {=IF(M93="ALU",INDEX(ALUOps!A:A,1+BIN2DEC(MID($B93,22,5))),"")} | O93: {=IF(M93="ALU",INDEX(TMP!A:A,1+BIN2DEC(MID($B93,27,2))),"")} | P93: =IF(M93="ALU",BIN2DEC(MID($B93,29,1)),"") | Q93: =IF(M93="Jump",BIN2DEC(MID($B93,22,4)),"") | R93: =IF(M93="Jump",15-BIN2DEC(MID($B93,26,4)),"") | S93: {=IF(M93="Control",INDEX(IC!A:A,1+BIN2DEC(MID($B93,21,4))),"")} -> 0 | T93: {=IF(M93="Control",INDEX(EC!A:A,1+BIN2DEC(MID($B93,25,3))),"")} -> 1 | U93: {=IF(M93="Control",INDEX(SR!A:A,1+BIN2DEC(MID($B93,28,2))),"")} -> 0
A94: =DEC2HEX(ROW(A93)-ROW($A$1),3) -> 05C | B94: 01100100100111110000000000000 | C94: 00?.10010???.00 | D94: 00? | E94: 00 | F94: {=INDEX(Sources!A:A, 1 + BIN2DEC(LEFT($B94,5)))} -> OPR | G94: {=INDEX(Dest1!A:A,1+BIN2DEC(MID($B94,6,5)))} -> TMPA | H94: {=INDEX(Source2!A:A,1+BIN2DEC(MID($B94,11,4)))} -> 7 | I94: {=INDEX('D2'!A:A,1+BIN2DEC(MID($B94,16,2)))} -> TMPB | J94: =BIN2DEC(MID($B94,17,1)) -> 0 | K94: =BIN2DEC(MID($B94,18,1)) -> 0 | L94: =BIN2DEC(MID($B94,19,1)) -> 0 | M94: {=INDEX(Types!A:A,1+BIN2DEC(MID($B94,20,2)))} -> Control | N94: {=IF(M94="ALU",INDEX(ALUOps!A:A,1+BIN2DEC(MID($B94,22,5))),"")} | O94: {=IF(M94="ALU",INDEX(TMP!A:A,1+BIN2DEC(MID($B94,27,2))),"")} | P94: =IF(M94="ALU",BIN2DEC(MID($B94,29,1)),"") | Q94: =IF(M94="Jump",BIN2DEC(MID($B94,22,4)),"") | R94: =IF(M94="Jump",15-BIN2DEC(MID($B94,26,4)),"") | S94: {=IF(M94="Control",INDEX(IC!A:A,1+BIN2DEC(MID($B94,21,4))),"")} -> 0 | T94: {=IF(M94="Control",INDEX(EC!A:A,1+BIN2DEC(MID($B94,25,3))),"")} -> 0 | U94: {=IF(M94="Control",INDEX(SR!A:A,1+BIN2DEC(MID($B94,28,2))),"")} -> 0 | X94: XCHG AX,rw | AC94: 90-97 | AD94: 90,91,92,93,94,95,96,97
A95: =DEC2HEX(ROW(A94)-ROW($A$1),3) -> 05D | B95: 10011011000000000010000000000 | F95: {=INDEX(Sources!A:A, 1 + BIN2DEC(LEFT($B95,5)))} -> TMPB | G95: {=INDEX(Dest1!A:A,1+BIN2DEC(MID($B95,6,5)))} -> OPR | H95: {=INDEX(Source2!A:A,1+BIN2DEC(MID($B95,11,4)))} -> -- | I95: {=INDEX('D2'!A:A,1+BIN2DEC(MID($B95,16,2)))} -> 0 | J95: =BIN2DEC(MID($B95,17,1)) -> 0 | K95: =BIN2DEC(MID($B95,18,1)) -> 0 | L95: =BIN2DEC(MID($B95,19,1)) -> 1 | M95: {=INDEX(Types!A:A,1+BIN2DEC(MID($B95,20,2)))} -> Control | N95: {=IF(M95="ALU",INDEX(ALUOps!A:A,1+BIN2DEC(MID($B95,22,5))),"")} | O95: {=IF(M95="ALU",INDEX(TMP!A:A,1+BIN2DEC(MID($B95,27,2))),"")} | P95: =IF(M95="ALU",BIN2DEC(MID($B95,29,1)),"") | Q95: =IF(M95="Jump",BIN2DEC(MID($B95,22,4)),"") | R95: =IF(M95="Jump",15-BIN2DEC(MID($B95,26,4)),"") | S95: {=IF(M95="Control",INDEX(IC!A:A,1+BIN2DEC(MID($B95,21,4))),"")} -> 0 | T95: {=IF(M95="Control",INDEX(EC!A:A,1+BIN2DEC(MID($B95,25,3))),"")} -> 0 | U95: {=IF(M95="Control",INDEX(SR!A:A,1+BIN2DEC(MID($B95,28,2))),"")} -> 0
A96: =DEC2HEX(ROW(A95)-ROW($A$1),3) -> 05E | B96: 10010001110000000000000000000 | F96: {=INDEX(Sources!A:A, 1 + BIN2DEC(LEFT($B96,5)))} -> TMPA | G96: {=INDEX(Dest1!A:A,1+BIN2DEC(MID($B96,6,5)))} -> A | H96: {=INDEX(Source2!A:A,1+BIN2DEC(MID($B96,11,4)))} -> -- | I96: {=INDEX('D2'!A:A,1+BIN2DEC(MID($B96,16,2)))} -> 0 | J96: =BIN2DEC(MID($B96,17,1)) -> 0 | K96: =BIN2DEC(MID($B96,18,1)) -> 0 | L96: =BIN2DEC(MID($B96,19,1)) -> 0 | M96: {=INDEX(Types!A:A,1+BIN2DEC(MID($B96,20,2)))} -> Control | N96: {=IF(M96="ALU",INDEX(ALUOps!A:A,1+BIN2DEC(MID($B96,22,5))),"")} | O96: {=IF(M96="ALU",INDEX(TMP!A:A,1+BIN2DEC(MID($B96,27,2))),"")} | P96: =IF(M96="ALU",BIN2DEC(MID($B96,29,1)),"") | Q96: =IF(M96="Jump",BIN2DEC(MID($B96,22,4)),"") | R96: =IF(M96="Jump",15-BIN2DEC(MID($B96,26,4)),"") | S96: {=IF(M96="Control",INDEX(IC!A:A,1+BIN2DEC(MID($B96,21,4))),"")} -> 0 | T96: {=IF(M96="Control",INDEX(EC!A:A,1+BIN2DEC(MID($B96,25,3))),"")} -> 0 | U96: {=IF(M96="Control",INDEX(SR!A:A,1+BIN2DEC(MID($B96,28,2))),"")} -> 0
A97: =DEC2HEX(ROW(A96)-ROW($A$1),3) -> 05F | B97: 00000000000000000000000000000 | G97: {=INDEX(Dest1!A:A,1+BIN2DEC(MID($B97,6,5)))} -> -- | H97: {=INDEX(Source2!A:A,1+BIN2DEC(MID($B97,11,4)))} -> -- | N97: {=IF(M97="ALU",INDEX(ALUOps!A:A,1+BIN2DEC(MID($B97,22,5))),"")} | O97: {=IF(M97="ALU",INDEX(TMP!A:A,1+BIN2DEC(MID($B97,27,2))),"")} | P97: =IF(M97="ALU",BIN2DEC(MID($B97,29,1)),"") | Q97: =IF(M97="Jump",BIN2DEC(MID($B97,22,4)),"") | R97: =IF(M97="Jump",15-BIN2DEC(MID($B97,26,4)),"") | S97: {=IF(M97="Control",INDEX(IC!A:A,1+BIN2DEC(MID($B97,21,4))),"")} | T97: {=IF(M97="Control",INDEX(EC!A:A,1+BIN2DEC(MID($B97,25,3))),"")} | U97: {=IF(M97="Control",INDEX(SR!A:A,1+BIN2DEC(MID($B97,28,2))),"")}
A98: =DEC2HEX(ROW(A97)-ROW($A$1),3) -> 060 | B98: 00111010100000000010000000000 | C98: 00?.10011000.00 | D98: 00? | E98: 00 | F98: {=INDEX(Sources!A:A, 1 + BIN2DEC(LEFT($B98,5)))} -> A | G98: {=INDEX(Dest1!A:A,1+BIN2DEC(MID($B98,6,5)))} -> UNK10 | H98: {=INDEX(Source2!A:A,1+BIN2DEC(MID($B98,11,4)))} -> -- | I98: {=INDEX('D2'!A:A,1+BIN2DEC(MID($B98,16,2)))} -> 0 | J98: =BIN2DEC(MID($B98,17,1)) -> 0 | K98: =BIN2DEC(MID($B98,18,1)) -> 0 | L98: =BIN2DEC(MID($B98,19,1)) -> 1 | M98: {=INDEX(Types!A:A,1+BIN2DEC(MID($B98,20,2)))} -> Control | N98: {=IF(M98="ALU",INDEX(ALUOps!A:A,1+BIN2DEC(MID($B98,22,5))),"")} | O98: {=IF(M98="ALU",INDEX(TMP!A:A,1+BIN2DEC(MID($B98,27,2))),"")} | P98: =IF(M98="ALU",BIN2DEC(MID($B98,29,1)),"") | Q98: =IF(M98="Jump",BIN2DEC(MID($B98,22,4)),"") | R98: =IF(M98="Jump",15-BIN2DEC(MID($B98,26,4)),"") | S98: {=IF(M98="Control",INDEX(IC!A:A,1+BIN2DEC(MID($B98,21,4))),"")} -> 0 | T98: {=IF(M98="Control",INDEX(EC!A:A,1+BIN2DEC(MID($B98,25,3))),"")} -> 0 | U98: {=IF(M98="Control",INDEX(SR!A:A,1+BIN2DEC(MID($B98,28,2))),"")} -> 0 | X98: CBW | AC98: 98 | AD98: 98
A99: =DEC2HEX(ROW(A98)-ROW($A$1),3) -> 061 | B99: 10010001110000000000000000000 | F99: {=INDEX(Sources!A:A, 1 + BIN2DEC(LEFT($B99,5)))} -> TMPA | G99: {=INDEX(Dest1!A:A,1+BIN2DEC(MID($B99,6,5)))} -> A | H99: {=INDEX(Source2!A:A,1+BIN2DEC(MID($B99,11,4)))} -> -- | I99: {=INDEX('D2'!A:A,1+BIN2DEC(MID($B99,16,2)))} -> 0 | J99: =BIN2DEC(MID($B99,17,1)) -> 0 | K99: =BIN2DEC(MID($B99,18,1)) -> 0 | L99: =BIN2DEC(MID($B99,19,1)) -> 0 | M99: {=INDEX(Types!A:A,1+BIN2DEC(MID($B99,20,2)))} -> Control | N99: {=IF(M99="ALU",INDEX(ALUOps!A:A,1+BIN2DEC(MID($B99,22,5))),"")} | O99: {=IF(M99="ALU",INDEX(TMP!A:A,1+BIN2DEC(MID($B99,27,2))),"")} | P99: =IF(M99="ALU",BIN2DEC(MID($B99,29,1)),"") | Q99: =IF(M99="Jump",BIN2DEC(MID($B99,22,4)),"") | R99: =IF(M99="Jump",15-BIN2DEC(MID($B99,26,4)),"") | S99: {=IF(M99="Control",INDEX(IC!A:A,1+BIN2DEC(MID($B99,21,4))),"")} -> 0 | T99: {=IF(M99="Control",INDEX(EC!A:A,1+BIN2DEC(MID($B99,25,3))),"")} -> 0 | U99: {=IF(M99="Control",INDEX(SR!A:A,1+BIN2DEC(MID($B99,28,2))),"")} -> 0
A100: =DEC2HEX(ROW(A99)-ROW($A$1),3) -> 062 | B100: 00000000000000000000000000000 | G100: {=INDEX(Dest1!A:A,1+BIN2DEC(MID($B100,6,5)))} -> -- | H100: {=INDEX(Source2!A:A,1+BIN2DEC(MID($B100,11,4)))} -> -- | N100: {=IF(M100="ALU",INDEX(ALUOps!A:A,1+BIN2DEC(MID($B100,22,5))),"")} | O100: {=IF(M100="ALU",INDEX(TMP!A:A,1+BIN2DEC(MID($B100,27,2))),"")} | P100: =IF(M100="ALU",BIN2DEC(MID($B100,29,1)),"") | Q100: =IF(M100="Jump",BIN2DEC(MID($B100,22,4)),"") | R100: =IF(M100="Jump",15-BIN2DEC(MID($B100,26,4)),"") | S100: {=IF(M100="Control",INDEX(IC!A:A,1+BIN2DEC(MID($B100,21,4))),"")} | T100: {=IF(M100="Control",INDEX(EC!A:A,1+BIN2DEC(MID($B100,25,3))),"")} | U100: {=IF(M100="Control",INDEX(SR!A:A,1+BIN2DEC(MID($B100,28,2))),"")}
...

Sheet TMP
A1: 0
A2: 1
A3: 2
A4: 3

Sheet SR
A1: 0
A2: 1
A3: 2
A4: 3

Sheet EC
A1: 0
A2: 1
A3: 2
A4: 3
A5: 4
A6: 5
A7: 6
A8: 7

Sheet IC
A1: 0
A2: 1
A3: 2
A4: 3
A5: 4
A6: 5
A7: 6
A8: 7
A9: 8
A10: 9
A11: 10
A12: 11
... A16: 15

Sheet ALUOps
A1: 0
A2: ADJ2
A3: 2
A4: 3
A5: 4
A6: 5
A7: 6
A8: 7
A9: 8
A10: 9
A11: 10
A12: 11
A13: 12
A14: 13
... A32: 31

Sheet D2
A1: 0
A2: 1
A3: TMPB
A4: 3

Sheet Sources
A1: --
A2: UNK1
A3: UNK2
A4: SP
A5: UNK4
A6: UNK5
A7: C
A8: A
A9: REG
A10: UNK9
A11: UNK10
A12: SIGMA
... A32: ES

Sheet Source2
A1: --
A2: 1
A3: 2
A4: 3
A5: 4
A6: 5
A7: 6
A8: 7
A9: 8
A10: 9
A11: Q
A12: 11
... A16: 15

Sheet Dest1
A1: --
A2: UNK1
A3: UNK2
A4: SP
A5: UNK4
A6: UNK5
A7: C
A8: A
A9: UNK8
A10: UNK9
A11: UNK10
A12: UNK11
... A32: ES

Sheet Types
A1: Control | B1: ALU | C1: Control
A2: Control | B2: Jump | C2: Control
A3: Jump | B3: Control | C3: Jump
A4: ALU | B4: Control | C4: ALU
